typ_bw,FID,rvs_str,key_str,bez_str,richtung_str,km_von,km_bis,bez_bw,nr_bw,baujahr_bw,breite_bw,hoehe_bw
bruecke,bruecke.149,8    -L   1 -    -,L1,Hohenweiler Straße,RFB 1,6.687,6.705,Bubenriederbachbrücke,L001 008,1897,7,
bruecke,bruecke.195,8    -L   1 -    -,L1,Hohenweiler Straße,RFB 1,1.708,1.727,Hoferbachbrücke,L001 003,1975,7,
bruecke,bruecke.220,8    -L   1 -    -,L1,Hohenweiler Straße,RFB 1,1.813,1.864,V15a Ruggbachdurchlass,L001 004,1980,7,
bruecke,bruecke.238,8    -L   1 -    -,L1,Hohenweiler Straße,RFB 1,2.207,2.276,V13 Überführung der L1,A 14 007,1979,7,
bruecke,bruecke.346,8    -L   1 -    -,L1,Hohenweiler Straße,RFB 1,7.858,7.871,Eschbachbrücke (Hohenweilerbach),L001 011,1899,7,
bruecke,bruecke.378,8    -L   1 -    -,L1,Hohenweiler Straße,RFB 1,5.578,5.594,Wiedebachbrücke (Diezlingerbach/Weidebach),L001 006,1912,7,
bruecke,bruecke.385,8    -L   1 -    -,L1,Hohenweiler Straße,RFB 1,0.495,0.503,Kugelbeerbrücke,L001 001,2003,7,
bruecke,bruecke.395,8    -L   1 -    -,L1,Hohenweiler Straße,RFB 1,6.849,6.871,Seilerbachbrücke,L001 009,1899,7,
bruecke,bruecke.425,8    -L   1 -    -,L1,Hohenweiler Straße,RFB 1,6.236,6.255,Fesslerbachbrücke (Gwiggerbach),L001 007,1954,7,
bruecke,bruecke.541,8    -L   1 -    -,L1,Hohenweiler Straße,RFB 1,4.629,4.679,Bergerbachbrücke,L001 005,1912,7,
bruecke,bruecke.614,8    -L   1 -    -,L1,Hohenweiler Straße,RFB 1,8.967,8.973,Rickenbachbrücke (Grenze),L001 013,1988,7,
bruecke,bruecke.658,8    -L   1 -    -,L1,Hohenweiler Straße,RFB 1,1.01,1.018,Lochauerbachbrücke,L001 002,1916,7,
bruecke,bruecke.213,8    -L  10 -    -,L10,Möggerser Straße,RFB 1,0.2,0.213,Riedbachbrücke,L010 001,1976,7,
bruecke,bruecke.94,8    -L  11 -    -,L11,Eichenberger Straße,RFB 1,4.336,4.347,Tiefgarage Schönblick (Fremdbrücke),L011 011,1989,7,
bruecke,bruecke.193,8    -L  11 -    -,L11,Eichenberger Straße,RFB 1,2.339,2.369,Hoferbachbrücke 2,L011 003,1972,7,
bruecke,bruecke.352,8    -L  11 -    -,L11,Eichenberger Straße,RFB 1,2.519,2.565,Hoferbachbrücke 3,L011 004,1972,7,
bruecke,bruecke.431,8    -L  11 -    -,L11,Eichenberger Straße,RFB 1,2.807,2.98,Hangbrücke Wanne,L011 005,1977,7,
bruecke,bruecke.484,8    -L  11 -    -,L11,Eichenberger Straße,RFB 1,0.446,0.464,Hoferbachbrücke 1,L011 001,2008,7,
bruecke,bruecke.588,8    -L  11 -    -,L11,Eichenberger Straße,RFB 1,2.143,2.191,Hangbrücke,L011 002,1972,7,
bruecke,bruecke.163,8    -L  12 -    -,L12,Fluher Straße,RFB 1,5.865,5.888,Grasreuterbachbrücke,L012 001,1925,7,
bruecke,bruecke.656,8    -L  12 -    -,L12,Fluher Straße,RFB 1,5.944,5.966,Wirtatobelbrücke,L012 002,1988,7,
bruecke,bruecke.115,8    -L  13 -    -,L13,Kennelbacher Straße,RFB 1,2.4,2.533,Bregenzerachbrücke,L013 002,1979,7,
bruecke,bruecke.253,8    -L  13 -    -,L13,Kennelbacher Straße,RFB 1,0.594,0.598,V21d Radwegunterführung Kreisverkehr 2,L013 004,2004,7,
bruecke,bruecke.409,8    -L  13 -    -,L13,Kennelbacher Straße,RFB 1,0,0.041,Überführung  der L13 über den Citytunnel,A 14 T02,,7,
bruecke,bruecke.523,8    -L  13 -    -,L13,Kennelbacher Straße,RFB 1,2.141,2.186,Werkskanalbrücke,L013 001,1975,7,
bruecke,bruecke.673,8    -L  13 -    -,L13,Kennelbacher Straße,RFB 1,0.564,0.57,V21d Radwegunterführung Kreisverkehr 1,L013 003,2004,7,
bruecke,bruecke.196,8    -L  14 -    -,L14,Bucher Straße,RFB 1,6.66,6.76,Sägertobelbrücke,L014 005,1990,7,
bruecke,bruecke.322,8    -L  14 -    -,L14,Bucher Straße,RFB 1,9.794,9.806,Fischbachbrücke,L014 007,2013,7,
bruecke,bruecke.329,8    -L  14 -    -,L14,Bucher Straße,RFB 1,4.069,4.129,Bruckgrabenbrücke,L014 003,1983,7,
bruecke,bruecke.331,8    -L  14 -    -,L14,Bucher Straße,RFB 1,7.358,7.364,Gewölbedurchlass 2,L014 006,2009,7,
bruecke,bruecke.498,8    -L  14 -    -,L14,Bucher Straße,RFB 1,3.532,3.577,Ippachbrücke,L014 002,2001,7,
bruecke,bruecke.620,8    -L  14 -    -,L14,Bucher Straße,RFB 1,2.525,2.557,Hangbrücke Ippach,L014 001,1977,7,
bruecke,bruecke.122,8    -L  15 -    -,L15,Bildsteiner Straße,RFB 1,0.647,0.722,Hangbrücke 1,L015 002,1987,7,
bruecke,bruecke.291,8    -L  15 -    -,L15,Bildsteiner Straße,RFB 1,0.101,0.112,Oberer Schlattgrabendurchlass,L015 001,1985,7,
bruecke,bruecke.298,8    -L  15 -    -,L15,Bildsteiner Straße,RFB 1,0.843,0.919,Hangbrücke 2,L015 003,1987,7,
bruecke,bruecke.565,8    -L  15 -    -,L15,Bildsteiner Straße,RFB 1,3.98,4,Minderachbrücke,L015 004,1956,7,
bruecke,bruecke.287,8    -L  16 -    -,L16,Wälderstraße,RFB 1,1.525,1.69,Ippachbrücke,L016 001,2014,7,
bruecke,bruecke.479,8    -L  16 -    -,L16,Wälderstraße,RFB 1,0.861,0.943,V26 Überführung der L16 Wälder Straße,A 14 026,1979,7,
bruecke,bruecke.123,8    -L  18 -    -,L18,Hörbranzer Straße,RFB 1,2.558,2.566,Fabrikskanalbrücke,L018 002,1920,7,
bruecke,bruecke.536,8    -L  18 -    -,L18,Hörbranzer Straße,RFB 1,0.736,0.747,Ruggbachbrücke,L018 001,1965,7,
bruecke,bruecke.639,8    -L  18 -    -,L18,Hörbranzer Straße,RFB 1,3.043,3.052,Leiblachbrücke (Grenze),L018 003,1982,7,
bruecke,bruecke.28,8    -L 188 -    -,L188,Montafoner Straße,RFB 1,57.08,57.104,Illbrücke bei der Säge Flöry,B188 002,1938,6.5,
bruecke,bruecke.33,8    -L 188 -    -,L188,Montafoner Straße,RFB 1,73.6,73.608,Rappentobelbrücke 2,B188 019,1962,6.5,
bruecke,bruecke.41,8    -L 188 -    -,L188,Montafoner Straße,RFB 1,73.239,73.252,Stiefentobelbrücke,B188 017,1986,6.5,
bruecke,bruecke.107,8    -L 188 -    -,L188,Montafoner Straße,RFB 1,81.564,81.574,Grafesertobelbrücke,B188 023,1961,6.5,
bruecke,bruecke.117,8    -L 188 -    -,L188,Montafoner Straße,RFB 1,73.417,73.428,Bargustobelbrücke,B188 018,1962,6.5,
bruecke,bruecke.170,8    -L 188 -    -,L188,Montafoner Straße,RFB 1,73.055,73.115,Ill - Landbrücke,B188 016,1953,6.5,
bruecke,bruecke.172,8    -L 188 -    -,L188,Montafoner Straße,RFB 1,58.677,58.695,Querungsbauwerk Unterwasserkanal und Schwallentlastung,B188 037,1969,6.5,
bruecke,bruecke.191,8    -L 188 -    -,L188,Montafoner Straße,RFB 1,84.863,84.92,Untere Illbrücke Lorüns,B188 026,1959,6.5,
bruecke,bruecke.221,8    -L 188 -    -,L188,Montafoner Straße,RFB 1,76.491,76.518,Litzbrücke,B188 021,2002,6.5,
bruecke,bruecke.274,8    -L 188 -    -,L188,Montafoner Straße,RFB 1,62.656,62.745,Untere Illbrücke Gaschurn,B188 009,1985,6.5,
bruecke,bruecke.277,8    -L 188 -    -,L188,Montafoner Straße,RFB 1,84.649,84.665,Oberwasserkanalbrücke (Radweg),B188 025,1959,6.5,
bruecke,bruecke.285,8    -L 188 -    -,L188,Montafoner Straße,RFB 1,60.945,61,Obere Illbrücke Gaschurn,B188 005,1996,6.5,
bruecke,bruecke.308,8    -L 188 -    -,L188,Montafoner Straße,RFB 1,83.427,83.48,Obere Illbrücke Lorüns,B188 024,1999,6.5,
bruecke,bruecke.310,8    -L 188 -    -,L188,Montafoner Straße,RFB 1,75.322,75.342,Geh- und Radwegunterführung,B188 020,2018,6.5,
bruecke,bruecke.386,8    -L 188 -    -,L188,Montafoner Straße,RFB 1,85.355,85.422,Alfenz- und Überlaufkanalbrücke,B188 027,1960,6.5,
bruecke,bruecke.445,8    -L 188 -    -,L188,Montafoner Straße,RFB 1,66.287,66.301,Fleischbachbrücke,B188 012,2002,6.5,
bruecke,bruecke.474,8    -L 188 -    -,L188,Montafoner Straße,RFB 1,67.378,67.398,Tramosabrücke,B188 014,1962,6.5,
bruecke,bruecke.507,8    -L 188 -    -,L188,Montafoner Straße,RFB 1,59.911,59.917,Querungsbauwerk Förderbanddurchlass (VIW),B188 033,,6.5,
bruecke,bruecke.515,8    -L 188 -    -,L188,Montafoner Straße,RFB 1,60.608,60.617,Gättertobelbrücke,B188 004,1996,6.5,
bruecke,bruecke.547,8    -L 188 -    -,L188,Montafoner Straße,RFB 1,85.49,85.501,Radwegunterführung,B188 029,1999,6.5,
bruecke,bruecke.562,8    -L 188 -    -,L188,Montafoner Straße,RFB 1,62.787,62.802,Gehsteigbrücke über Armco Durchlass (Randbalken),B188 006a,2013,6.5,
bruecke,bruecke.575,8    -L 188 -    -,L188,Montafoner Straße,RFB 1,65.781,65.821,Hüttnertobelbrücke,B188 011,1920,6.5,
bruecke,bruecke.582,8    -L 188 -    -,L188,Montafoner Straße,RFB 1,65.187,65.204,Balbierbachbrücke,B188 010,2011,6.5,
bruecke,bruecke.605,8    -L 188 -    -,L188,Montafoner Straße,RFB 1,61.518,61.546,Garnerabachbrücke,B188 008,1996,6.5,
bruecke,bruecke.607,8    -L 188 -    -,L188,Montafoner Straße,RFB 1,58.673,58.682,Querung Kabelkanalbrücke VIW,B188 036,1969,6.5,
bruecke,bruecke.622,8    -L 188 -    -,L188,Montafoner Straße,RFB 1,70.788,70.918,Illbrücke Maurenstutz,B188 015,1988,6.5,
bruecke,bruecke.641,8    -L 188 -    -,L188,Montafoner Straße,RFB 1,61.15,61.161,Klauserbachdurchlass,B188 007,1996,6.5,
bruecke,bruecke.650,8    -L 188 -    -,L188,Montafoner Straße,RFB 1,62.791,62.807,Armco Durchlass,B188 006,1985,6.5,
bruecke,bruecke.336,8    -L  19 -    -,L19,Gaißauer Straße,RFB 1,4.609,4.661,Rheinbrücke Gaißau - Rheineck (Grenze),L019 001,1962,,
bruecke,bruecke.6,8    -L 190 -    -,L190,Vorarlberger Straße,RFB 1,25.271,25.283,Fußgängerunterführung Levis,B190 022,1980,9,
bruecke,bruecke.11,8    -L 190 -    -,L190,Vorarlberger Straße,RFB 1,2.916,2.931,Brunnenbachbrücke 2,B190 065,1920,9,
bruecke,bruecke.20,8    -L 190 -    -,L190,Vorarlberger Straße,RFB 1,14.87,14.897,Tuxbachbrücke,B190 085,1995,9,
bruecke,bruecke.27,8    -L 190 -    -,L190,Vorarlberger Straße,RFB 1,58.274,58.286,Fußgängerunterführung Weihersteig,B190 056,1966,9,
bruecke,bruecke.48,8    -L 190 -    -,L190,Vorarlberger Straße,RFB 1,20.037,20.068,Geh- und Radwegbrücke (ehemals nur Gehsteig),B190 086,1975,9,
bruecke,bruecke.55,8    -L 190 -    -,L190,Vorarlberger Straße,RFB 1,58.967,58.975,Weissenreutebachdurchlass,B190 066,1996,9,
bruecke,bruecke.61,8    -L 190 -    -,L190,Vorarlberger Straße,RFB 1,16.851,16.87,Galinabrücke,B190 010,1994,9,
bruecke,bruecke.72,8    -L 190 -    -,L190,Vorarlberger Straße,RFB 1,31.915,31.931,Klausbachbrücke,B190 029,1907,9,
bruecke,bruecke.85,8    -L 190 -    -,L190,Vorarlberger Straße,RFB 1,33.449,33.573,V101 Überführung B190 Straßenhäuser,A 14 076,1963,9,
bruecke,bruecke.91,8    -L 190 -    -,L190,Vorarlberger Straße,RFB 1,12.634,12.646,Durchlass Getzner,B190 007,1897,9,
bruecke,bruecke.100,8    -L 190 -    -,L190,Vorarlberger Straße,RFB 1,59.965,59.975,Mühlebachbrücke,B190 059,2009,9,
bruecke,bruecke.102,8    -L 190 -    -,L190,Vorarlberger Straße,RFB 1,56.131,56.297,Bregenzerachbrücke Lauterach,B190 053,1958,9,
bruecke,bruecke.135,8    -L 190 -    -,L190,Vorarlberger Straße,RFB 1,59.201,59.285,Parkgarage Haus am Hafen,B190 078,2003,9,
bruecke,bruecke.140,8    -L 190 -    -,L190,Vorarlberger Straße,RFB 1,0.276,0.313,Unterführung der Montafonerbahn,B190 001,1960,9,
bruecke,bruecke.142,8    -L 190 -    -,L190,Vorarlberger Straße,RFB 1,0,0,Kugelbeerbachbrücke,B190 090,,9,
bruecke,bruecke.165,8    -L 190 -    -,L190,Vorarlberger Straße,RFB 1,58.006,58.058,Fußgängerunterführung Augasse,B190 055,1966,9,
bruecke,bruecke.177,8    -L 190 -    -,L190,Vorarlberger Straße,RFB 1,59.359,59.369,Steinebachbrücke,B190 058,2009,9,
bruecke,bruecke.184,8    -L 190 -    -,L190,Vorarlberger Straße,RFB 1,52.009,52.021,"Durchlass (Neumahdfeldbach) LW 2,30m",B190 048,1930,9,
bruecke,bruecke.197,8    -L 190 -    -,L190,Vorarlberger Straße,RFB 1,47.226,47.24,Müllerbachdurchlass 1,B190 037,1986,9,
bruecke,bruecke.202,8    -L 190 -    -,L190,Vorarlberger Straße,RFB 1,23.584,23.623,Fußgängerunterführung Bärenkreuzung,B190 021,1974,9,
bruecke,bruecke.239,8    -L 190 -    -,L190,Vorarlberger Straße,RFB 1,49.563,49.573,Fischbachbrücke,B190 042,1956,9,
bruecke,bruecke.249,8    -L 190 -    -,L190,Vorarlberger Straße,RFB 1,63.176,63.195,Leiblachbrücke Unterhochsteg (Grenze),B190 063,1950,9,
bruecke,bruecke.255,8    -L 190 -    -,L190,Vorarlberger Straße,RFB 1,12.653,12.675,Mengbachbrücke,B190 008,1932,9,
bruecke,bruecke.264,8    -L 190 -    -,L190,Vorarlberger Straße,RFB 1,59.852,59.866,Schanzgrabendurchlass,B190 084,2011,9,
bruecke,bruecke.271,8    -L 190 -    -,L190,Vorarlberger Straße,RFB 1,47.24,47.257,Müllerbachdurchlass 2,B190 038,1986,9,
bruecke,bruecke.284,8    -L 190 -    -,L190,Vorarlberger Straße,RFB 1,3.983,4.035,Galgentobelbrücke,B190 004,1900,9,
bruecke,bruecke.303,8    -L 190 -    -,L190,Vorarlberger Straße,RFB 1,61.988,61.998,Lochauerbachbrücke,B190 060,1935,9,
bruecke,bruecke.345,8    -L 190 -    -,L190,Vorarlberger Straße,RFB 1,30.604,30.678,Frutzbrücke,B190 026,2012,9,
bruecke,bruecke.348,8    -L 190 -    -,L190,Vorarlberger Straße,RFB 1,42.784,42.801,Brücke über die Schollenstraße,B190 033,1984,9,
bruecke,bruecke.354,8    -L 190 -    -,L190,Vorarlberger Straße,RFB 1,16.899,16.911,Fußgängerunterführung Galina,B190 011,1994,9,
bruecke,bruecke.362,8    -L 190 -    -,L190,Vorarlberger Straße,RFB 1,51.91,51.925,Neumahdfeldbachbrücke (Weitriedgraben),B190 047,1930,9,
bruecke,bruecke.363,8    -L 190 -    -,L190,Vorarlberger Straße,RFB 1,0.915,0.982,Fußgängerbrücke über die ÖBB Bludenz,B190 002a,1970,9,
bruecke,bruecke.368,8    -L 190 -    -,L190,Vorarlberger Straße,RFB 1,19.6,19.634,Unterführung der L54,B190 067,1989,9,
bruecke,bruecke.371,8    -L 190 -    -,L190,Vorarlberger Straße,RFB 1,53.246,53.262,Wolfurter Landgrabendurchlass,B190 051,2017,9,
bruecke,bruecke.380,8    -L 190 -    -,L190,Vorarlberger Straße,RFB 1,63.109,63.154,Mühlbachbrücke 2,B190 062,1997,9,
bruecke,bruecke.388,8    -L 190 -    -,L190,Vorarlberger Straße,RFB 1,31.358,31.383,Ratzbachbrücke,B190 028,2016,9,
bruecke,bruecke.411,8    -L 190 -    -,L190,Vorarlberger Straße,RFB 1,50.422,50.444,Haselstauderbachbrücke,B190 043,1956,9,
bruecke,bruecke.416,8    -L 190 -    -,L190,Vorarlberger Straße,RFB 1,0.921,0.942,Brücke über die ÖBB Bludenz,B190 002,1997,9,
bruecke,bruecke.418,8    -L 190 -    -,L190,Vorarlberger Straße,RFB 1,0,0,Oberlochauerbachbrücke,B190 091,,9,
bruecke,bruecke.433,8    -L 190 -    -,L190,Vorarlberger Straße,RFB 1,52.13,52.153,Hohe Brücke,B190 049,1990,9,
bruecke,bruecke.440,8    -L 190 -    -,L190,Vorarlberger Straße,RFB 1,62.684,62.722,Ruggbachbrücke,B190 061,1935,9,
bruecke,bruecke.459,8    -L 190 -    -,L190,Vorarlberger Straße,RFB 1,56.887,56.897,Fußgängerunterführung Losergasse,B190 054,1970,9,
bruecke,bruecke.465,8    -L 190 -    -,L190,Vorarlberger Straße,RFB 1,20.155,20.177,Saminabrücke,B190 014,1987,9,
bruecke,bruecke.477,8    -L 190 -    -,L190,Vorarlberger Straße,RFB 1,47.115,47.153,Sägerbrücke,B190 036,2014,9,
bruecke,bruecke.491,8    -L 190 -    -,L190,Vorarlberger Straße,RFB 1,47.9,48.115,Tiefgarage Dornbirn,B190 081,2008,9,
bruecke,bruecke.509,8    -L 190 -    -,L190,Vorarlberger Straße,RFB 1,34.099,34.111,Kalkofenbachdurchlass,B190 080,2008,9,
bruecke,bruecke.514,8    -L 190 -    -,L190,Vorarlberger Straße,RFB 1,11.938,11.96,Nasotbrücke über den Gemeindeweg,B190 006,1934,9,
bruecke,bruecke.519,8    -L 190 -    -,L190,Vorarlberger Straße,RFB 1,26.56,26.569,Naflabrücke,B190 024,1966,9,
bruecke,bruecke.525,8    -L 190 -    -,L190,Vorarlberger Straße,RFB 1,16.195,16.22,Düker Walgaukraftwerk,B190 009,1981,9,
bruecke,bruecke.542,8    -L 190 -    -,L190,Vorarlberger Straße,RFB 1,58.732,58.748,Fußgängerunterführung Tourismushaus 1,B190 076,1996,9,
bruecke,bruecke.554,8    -L 190 -    -,L190,Vorarlberger Straße,RFB 1,57.625,57.671,Überführung der L190 über den Citytunnel,A 14 T02,,9,
bruecke,bruecke.570,8    -L 190 -    -,L190,Vorarlberger Straße,RFB 1,45.313,45.332,Fußgängerunterführung Wallenmahd,B190 035,1971,9,
bruecke,bruecke.590,8    -L 190 -    -,L190,Vorarlberger Straße,RFB 1,35.467,35.48,Emmebachbrücke,B190 030,1960,9,
bruecke,bruecke.597,8    -L 190 -    -,L190,Vorarlberger Straße,RFB 1,58.766,58.782,Fußgängerunterführung Tourismushaus 2,B190 077,1996,9,
bruecke,bruecke.603,8    -L 190 -    -,L190,Vorarlberger Straße,RFB 1,23.402,23.41,Fußgängerunterführung Schloßgraben,B190 020,1975,9,
bruecke,bruecke.616,8    -L 190 -    -,L190,Vorarlberger Straße,RFB 1,43.811,43.839,Landgrabenbrücke 1,B190 034,1958,9,
bruecke,bruecke.630,8    -L 190 -    -,L190,Vorarlberger Straße,RFB 1,57.26,57.27,"Überführung Riedberg- Radwegtunnel",B190 088,,9,
bruecke,bruecke.638,8    -L 190 -    -,L190,Vorarlberger Straße,RFB 1,19.629,19.679,Gießenbachdurchlass,B190 013,1989,9,
bruecke,bruecke.652,8    -L 190 -    -,L190,Vorarlberger Straße,RFB 1,27.52,27.549,Mühlbachbrücke 1,B190 025,1958,9,
bruecke,bruecke.659,8    -L 190 -    -,L190,Vorarlberger Straße,RFB 1,1.067,1.088,Fußgängerunterführung St Peter,B190 003,1976,9,
bruecke,bruecke.675,8    -L 190 -    -,L190,Vorarlberger Straße,RFB 1,42.147,42.173,Ermenbachbrücke,B190 032,1920,9,
bruecke,bruecke.330,8    -L 190 -  22-R 2,L190-22-R2,Vorarlberger Straße Felsenau - Rampe 2,RFB 1,0,0.127,Brücke über L190 und Ill,B190 018,1980,5,
bruecke,bruecke.460,8    -L 190 -    -D,L190-D,Vorarlberger Straße,RFB 1,41.295,41.311,Emsbachbrücke Schillerallee,B190 083,2009,5,
bruecke,bruecke.22,8    -L 190 -    -E,L190-E,Vorarlberger Straße (Einbahn),RFB 1,51.448,51.46,V43a Landgrabendurchlass,B190 046,2007,5,
bruecke,bruecke.56,8    -L 190 -    -E,L190-E,Vorarlberger Straße (Einbahn),RFB 1,22.491,22.574,Brücke über L190 und Ill,B190 018,1980,5,
bruecke,bruecke.66,8    -L 190 -    -E,L190-E,Vorarlberger Straße (Einbahn),RFB 1,22.574,23.024,Illbrücke Felsenau R,B190 019 R,1980,5,
bruecke,bruecke.243,8    -L 190 -    -E,L190-E,Vorarlberger Straße (Einbahn),RFB 1,2.518,2.53,Brunnenbachbrücke 1,B190 064,1996,5,
bruecke,bruecke.584,8    -L 190 -    -E,L190-E,Vorarlberger Straße (Einbahn),RFB 1,22.254,22.274,Blödlebachdurchlass 3,B190 017,1980,5,
bruecke,bruecke.592,8    -L 190 -    -E,L190-E,Vorarlberger Straße (Einbahn),RFB 1,22.272,22.283,Durchlass Verbandsammler,B190 089,1980,5,
bruecke,bruecke.645,8    -L 190 -    -E,L190-E,Vorarlberger Straße (Einbahn),RFB 1,5.501,5.615,W27R Überführung der B190,A 14 127 R,1980,5,
bruecke,bruecke.129,8    -L 190 -    -G,L190-G,Vorarlberger Straße (Gegenfahrbahn),RFB 2,22.295,22.285,Durchlass Verbandsammler,B190 089,1980,5,
bruecke,bruecke.159,8    -L 190 -    -G,L190-G,Vorarlberger Straße (Gegenfahrbahn),RFB 2,23.035,22.58,Illbrücke Felsenau L,B190 019 L,1980,5,
bruecke,bruecke.317,8    -L 190 -    -G,L190-G,Vorarlberger Straße (Gegenfahrbahn),RFB 2,22.268,22.256,Blödlebachdurchlass 3,B190 017,1980,5,
bruecke,bruecke.341,8    -L 190 -    -G,L190-G,Vorarlberger Straße (Gegenfahrbahn),RFB 2,51.455,51.467,V43a Landgrabendurchlass,B190 046,2007,5,
bruecke,bruecke.535,8    -L 190 -    -G,L190-G,Vorarlberger Straße (Gegenfahrbahn),RFB 2,5.606,5.501,W27L Überführung der B190,A 14 127 L,1980,5,
bruecke,bruecke.80,8    -L 191a-    -,L191a,Liechtensteiner Straße,RFB 1,0,0.017,Fußgängerunterführung Bärenkreuzung,B190 021,1974,9,
bruecke,bruecke.151,8    -L 191a-    -,L191a,Liechtensteiner Straße,RFB 1,0.406,0.418,Hämmerle Verbindungskanal,B191 006,1924,9,
bruecke,bruecke.232,8    -L 191a-    -,L191a,Liechtensteiner Straße,RFB 1,1.926,1.973,Fußgängerunterführung Tisis,B191 005,1979,9,
bruecke,bruecke.297,8    -L 191a-    -,L191a,Liechtensteiner Straße,RFB 1,0.132,0.138,Fußgängerunterführung Hirschgraben,B191 001,1973,9,
bruecke,bruecke.397,8    -L 191a-    -,L191a,Liechtensteiner Straße,RFB 1,0.363,0.382,Fußgängerunterführung Keckgründe (unterer Hirschgraben bei Garzon),B191 002,1973,9,
bruecke,bruecke.564,8    -L 191a-    -,L191a,Liechtensteiner Straße,RFB 1,0.418,0.467,Montfortbrücke,B191 003,1974,9,
bruecke,bruecke.50,8    -L 192 -    -,L192,Gargellener Straße,RFB 1,9.449,9.467,Gargellenbachbrücke,B192 012,1969,9,
bruecke,bruecke.96,8    -L 192 -    -,L192,Gargellener Straße,RFB 1,5.62,5.661,Suggadinbachbrücke 1,B192 006,1957,9,
bruecke,bruecke.179,8    -L 192 -    -,L192,Gargellener Straße,RFB 1,2.614,2.636,Klehenztobelbrücke,B192 003,1967,9,
bruecke,bruecke.189,8    -L 192 -    -,L192,Gargellener Straße,RFB 1,0,0,Leitungsträgerbrücke,B192 006a,,9,
bruecke,bruecke.215,8    -L 192 -    -,L192,Gargellener Straße,RFB 1,0.078,0.113,Illbrücke Badmunt,B192 001,1917,9,
bruecke,bruecke.247,8    -L 192 -    -,L192,Gargellener Straße,RFB 1,6.106,6.142,Valiserabrücke,B192 007,2012,9,
bruecke,bruecke.258,8    -L 192 -    -,L192,Gargellener Straße,RFB 1,9.94,9.963,Valzifenzbachbrücke,B192 013,1971,9,
bruecke,bruecke.266,8    -L 192 -    -,L192,Gargellener Straße,RFB 1,7.594,7.607,Fidelisbachbrücke,B192 015,2006,9,
bruecke,bruecke.324,8    -L 192 -    -,L192,Gargellener Straße,RFB 1,7.001,7.025,Sarottlatobelbrücke,B192 009,2005,9,
bruecke,bruecke.373,8    -L 192 -    -,L192,Gargellener Straße,RFB 1,8.567,8.584,Röbibachbrücke,B192 010,1989,9,
bruecke,bruecke.405,8    -L 192 -    -,L192,Gargellener Straße,RFB 1,0.063,0.073,Radwegunterführung Badmunt,B192 014,2000,9,
bruecke,bruecke.427,8    -L 192 -    -,L192,Gargellener Straße,RFB 1,2.829,2.869,Krafttobelbrücke,B192 004,1937,9,
bruecke,bruecke.454,8    -L 192 -    -,L192,Gargellener Straße,RFB 1,6.726,6.734,"Fischbachbrücke LW 2,50",B192 017,2006,9,
bruecke,bruecke.470,8    -L 192 -    -,L192,Gargellener Straße,RFB 1,2.341,2.372,Gweilbachbrücke,B192 002,1988,9,
bruecke,bruecke.486,8    -L 192 -    -,L192,Gargellener Straße,RFB 1,8.843,8.854,Rongbachbrücke,B192 011,1990,9,
bruecke,bruecke.503,8    -L 192 -    -,L192,Gargellener Straße,RFB 1,7.29,7.303,"Plattenbrücke LW 2,50",B192 016,2006,9,
bruecke,bruecke.632,8    -L 192 -    -,L192,Gargellener Straße,RFB 1,6.605,6.637,Suggadinbachbrücke 2,B192 008,1967,9,
bruecke,bruecke.669,8    -L 192 -    -,L192,Gargellener Straße,RFB 1,5.44,5.454,Tiefgrabenbrücke,B192 005,1958,9,
bruecke,bruecke.8,8    -L 193 -    -,L193,Faschinastraße,RFB 1,38.541,38.594,Bregenzerachbrücke Au,B193 045,1980,7.2,
bruecke,bruecke.14,8    -L 193 -    -,L193,Faschinastraße,RFB 1,18.412,18.45,Rüfanerbachbrücke,B193 019,1900,7.2,
bruecke,bruecke.37,8    -L 193 -    -,L193,Faschinastraße,RFB 1,13.842,13.867,Eschtobelbrücke,B193 014,1957,7.2,
bruecke,bruecke.44,8    -L 193 -    -,L193,Faschinastraße,RFB 1,32.095,32.145,Gaistobelbrücke (Laubenbach),B193 033,1954,7.2,
bruecke,bruecke.58,8    -L 193 -    -,L193,Faschinastraße,RFB 1,27.84,27.86,Oberdamülserbachdurchlass,B193 028,1982,7.2,
bruecke,bruecke.74,8    -L 193 -    -,L193,Faschinastraße,RFB 1,33.478,33.513,Kiesgrubenbrücke,B193 037,1969,7.2,
bruecke,bruecke.88,8    -L 193 -    -,L193,Faschinastraße,RFB 1,16.364,16.397,Ladritschbrücke,B193 017,1880,7.2,
bruecke,bruecke.110,8    -L 193 -    -,L193,Faschinastraße,RFB 1,15.446,15.465,Fischbrücke,B193 016,1954,7.2,
bruecke,bruecke.120,8    -L 193 -    -,L193,Faschinastraße,RFB 1,12.938,13.019,Hangbrücke 1,B193 012,1968,7.2,
bruecke,bruecke.133,8    -L 193 -    -,L193,Faschinastraße,RFB 1,33.915,33.935,Spargewölbe Prof 82-84,B193 048,1954,7.2,
bruecke,bruecke.143,8    -L 193 -    -,L193,Faschinastraße,RFB 1,32.316,32.341,Argenwaldbrücke,B193 034,1959,7.2,
bruecke,bruecke.173,8    -L 193 -    -,L193,Faschinastraße,RFB 1,4.081,4.123,Lutzbrücke,B193 003,1946,7.2,
bruecke,bruecke.181,8    -L 193 -    -,L193,Faschinastraße,RFB 1,33.961,33.995,Stucklitobelbrücke,B193 039,1954,7.2,
bruecke,bruecke.187,8    -L 193 -    -,L193,Faschinastraße,RFB 1,13.48,13.497,Litzentobelbrücke,B193 013,1932,7.2,
bruecke,bruecke.207,8    -L 193 -    -,L193,Faschinastraße,RFB 1,28.632,28.802,Krumbachbrücke,B193 030,1983,7.2,
bruecke,bruecke.217,8    -L 193 -    -,L193,Faschinastraße,RFB 1,36.872,36.913,Argenbachbrücke,B193 044,1962,7.2,
bruecke,bruecke.224,8    -L 193 -    -,L193,Faschinastraße,RFB 1,20.071,20.089,Rohrdurchlass Buchholzgraben,B193 022,1973,7.2,
bruecke,bruecke.273,8    -L 193 -    -,L193,Faschinastraße,RFB 1,34.739,34.772,Ledertobelbrücke,B193 041,1972,7.2,
bruecke,bruecke.279,8    -L 193 -    -,L193,Faschinastraße,RFB 1,11.699,11.705,Gehsteigüberdeckung Durchlasseinlaufbauwerk,B193 050,1999,7.2,
bruecke,bruecke.288,8    -L 193 -    -,L193,Faschinastraße,RFB 1,7.13,7.175,Schloßtobelbrücke,B193 007,1998,7.2,
bruecke,bruecke.305,8    -L 193 -    -,L193,Faschinastraße,RFB 1,32.809,32.855,Hangbrücke 2,B193 035,1969,7.2,
bruecke,bruecke.311,8    -L 193 -    -,L193,Faschinastraße,RFB 1,23.233,23.261,Angerlitterbrücke,B193 025,1968,7.2,
bruecke,bruecke.318,8    -L 193 -    -,L193,Faschinastraße,RFB 1,1.214,1.26,Mühlbachdurchlass,B193 002,1992,7.2,
bruecke,bruecke.333,8    -L 193 -    -,L193,Faschinastraße,RFB 1,35.596,35.624,Wiesbachbrücke,B193 042,1963,7.2,
bruecke,bruecke.357,8    -L 193 -    -,L193,Faschinastraße,RFB 1,18.264,18.306,Türtschbrücke,B193 018,1938,7.2,
bruecke,bruecke.365,8    -L 193 -    -,L193,Faschinastraße,RFB 1,20.31,20.393,Kehrenbrücke,B193 023,1975,7.2,
bruecke,bruecke.377,8    -L 193 -    -,L193,Faschinastraße,RFB 1,29.76,29.841,Plattentobelbrücke,B193 031,2011,7.2,
bruecke,bruecke.389,8    -L 193 -    -,L193,Faschinastraße,RFB 1,19.617,19.779,Atzibachbrücke,B193 021,1974,7.2,
bruecke,bruecke.419,8    -L 193 -    -,L193,Faschinastraße,RFB 1,4.189,4.203,Brücke über die Druckrohrleitung der VKW,B193 004,1958,7.2,
bruecke,bruecke.442,8    -L 193 -    -,L193,Faschinastraße,RFB 1,33.68,33.743,Großtobelbrücke,B193 038,1957,7.2,
bruecke,bruecke.448,8    -L 193 -    -,L193,Faschinastraße,RFB 1,31.094,31.116,Bertschtobelbrücke,B193 032,1952,7.2,
bruecke,bruecke.462,8    -L 193 -    -,L193,Faschinastraße,RFB 1,24.198,24.239,Fadtobelbrücke,B193 026,1974,7.2,
bruecke,bruecke.478,8    -L 193 -    -,L193,Faschinastraße,RFB 1,9.448,9.55,Rottobelbrücke,B193 008,2001,7.2,
bruecke,bruecke.494,8    -L 193 -    -,L193,Faschinastraße,RFB 1,5.17,5.179,Schwarzbachbrücke 1,B193 005,1953,7.2,
bruecke,bruecke.517,8    -L 193 -    -,L193,Faschinastraße,RFB 1,33.594,33.602,Spargewölbe Prof 18,B193 049,1954,7.2,
bruecke,bruecke.528,8    -L 193 -    -,L193,Faschinastraße,RFB 1,5.861,5.884,Schwarzbachbrücke 2,B193 006,1837,7.2,
bruecke,bruecke.550,8    -L 193 -    -,L193,Faschinastraße,RFB 1,14.697,14.715,Spargewölbe,B193 015,1954,7.2,
bruecke,bruecke.557,8    -L 193 -    -,L193,Faschinastraße,RFB 1,0.603,0.622,Radwegunterführung,B193 047,2003,7.2,
bruecke,bruecke.572,8    -L 193 -    -,L193,Faschinastraße,RFB 1,33.392,33.407,Gerstenbachbrücke,B193 036,1969,7.2,
bruecke,bruecke.578,8    -L 193 -    -,L193,Faschinastraße,RFB 1,12.728,12.768,Mühletobelbrücke,B193 011,1968,7.2,
bruecke,bruecke.609,8    -L 193 -    -,L193,Faschinastraße,RFB 1,0.825,0.963,W21/22 Überführung der B193,A 14 122,1992,7.2,
bruecke,bruecke.618,8    -L 193 -    -,L193,Faschinastraße,RFB 1,34.167,34.23,Mülsertobelbrücke,B193 040,1957,7.2,
bruecke,bruecke.625,8    -L 193 -    -,L193,Faschinastraße,RFB 1,18.483,18.527,Hangbodenbrücke,B193 020,1960,7.2,
bruecke,bruecke.635,8    -L 193 -    -,L193,Faschinastraße,RFB 1,20.693,20.76,Buchholzbrücke,B193 024,1975,7.2,
bruecke,bruecke.643,8    -L 193 -    -,L193,Faschinastraße,RFB 1,10.759,10.846,Hölltobelbrücke,B193 009,2017,7.2,
bruecke,bruecke.654,8    -L 193 -    -,L193,Faschinastraße,RFB 1,36.133,36.164,Riedbachbrücke,B193 043,1962,7.2,
bruecke,bruecke.662,8    -L 193 -    -,L193,Faschinastraße,RFB 1,12.198,12.293,Rüfitobelbrücke,B193 010,1970,7.2,
bruecke,bruecke.82,8    -L 197 -    -,L197,Arlbergstraße,RFB 1,16.27,16.285,Grätatöbelebrücke,B197 006,1962,8,
bruecke,bruecke.104,8    -L 197 -    -,L197,Arlbergstraße,RFB 1,16.131,16.162,Langwiesbrücke,B197 005,2003,8,
bruecke,bruecke.488,8    -L 197 -    -,L197,Arlbergstraße,RFB 1,13.87,13.917,Rauzbachbrücke,B197 002,1999,8,
bruecke,bruecke.544,8    -L 197 -    -,L197,Arlbergstraße,RFB 1,12.174,12.19,Brücke in der oberen hohen Mauer,B197 001,1900,8,
bruecke,bruecke.137,8    -L 197 -    -D,L197-D,Arlbergstraße (Doppelkilometer),RFB 1,14.148,14.177,Valfagehrbachdurchlass,B197 003,1994,8,
bruecke,bruecke.230,8    -L 197 -    -D,L197-D,Arlbergstraße (Doppelkilometer),RFB 1,14.43,14.447,Viehbrücke,B197 015,2016,8,
bruecke,bruecke.24,8    -L 198 -    -,L198,Lechtalstraße,RFB 1,14.613,14.668,Rüfetobelbrücke,B198 021,1905,6,
bruecke,bruecke.30,8    -L 198 -    -,L198,Lechtalstraße,RFB 1,5.031,5.052,Zweite Zürsbachbrücke,B198 009,1951,6,
bruecke,bruecke.38,8    -L 198 -    -,L198,Lechtalstraße,RFB 1,9.226,9.251,Mühlebrücke,B198 014,1956,6,
bruecke,bruecke.52,8    -L 198 -    -,L198,Lechtalstraße,RFB 1,17.728,17.753,Krumbachbrücke (Grenze),B198 025,1907,6,
bruecke,bruecke.86,8    -L 198 -    -,L198,Lechtalstraße,RFB 1,5.79,5.809,Monzabonbachbrücke,B198 011,2009,6,
bruecke,bruecke.157,8    -L 198 -    -,L198,Lechtalstraße,RFB 1,9.687,9.693,Fußgängerunterführung Hotel Krone,B198 031,2011,6,
bruecke,bruecke.167,8    -L 198 -    -,L198,Lechtalstraße,RFB 1,8.71,8.743,Eberabrücke,B198 012,1956,6,
bruecke,bruecke.175,8    -L 198 -    -,L198,Lechtalstraße,RFB 1,14.117,14.155,Wangtobelbrücke,B198 020,1905,6,
bruecke,bruecke.199,8    -L 198 -    -,L198,Lechtalstraße,RFB 1,2.585,2.602,Brücke über den Stubenbach,B198 005,1939,6,
bruecke,bruecke.251,8    -L 198 -    -,L198,Lechtalstraße,RFB 1,10.144,10.158,Burgtobelbrücke,B198 017,1959,6,
bruecke,bruecke.268,8    -L 198 -    -,L198,Lechtalstraße,RFB 1,15.103,15.15,Apriltobelbrücke,B198 023,1949,6,
bruecke,bruecke.281,8    -L 198 -    -,L198,Lechtalstraße,RFB 1,4.447,4.453,Fußg Unterführung Hotel Zürersee/Alpenrose,B198 029,2005,6,
bruecke,bruecke.289,8    -L 198 -    -,L198,Lechtalstraße,RFB 1,9.815,9.893,Tiefgarage mit Verbindungstunnel,B198 041,2019,6,
bruecke,bruecke.350,8    -L 198 -    -,L198,Lechtalstraße,RFB 1,2.168,2.184,Spargewölbe 1,B198 027,1935,6,
bruecke,bruecke.359,8    -L 198 -    -,L198,Lechtalstraße,RFB 1,2.248,2.289,Untere Flexenkopfbrücke,B198 003,1920,6,
bruecke,bruecke.375,8    -L 198 -    -,L198,Lechtalstraße,RFB 1,12.099,12.154,Gaisbachbrücke,B198 018,1905,6,
bruecke,bruecke.382,8    -L 198 -    -,L198,Lechtalstraße,RFB 1,10.057,10.118,Lechlandbrücke,B198 016,1959,6,
bruecke,bruecke.407,8    -L 198 -    -,L198,Lechtalstraße,RFB 1,13.159,13.193,Karbachbrücke,B198 019,1905,6,
bruecke,bruecke.413,8    -L 198 -    -,L198,Lechtalstraße,RFB 1,2.495,2.507,Spargewölbe 2,B198 028,1935,6,
bruecke,bruecke.435,8    -L 198 -    -,L198,Lechtalstraße,RFB 1,4.929,4.954,Erste Zürsbachbrücke,B198 008,1951,6,
bruecke,bruecke.456,8    -L 198 -    -,L198,Lechtalstraße,RFB 1,4.85,4.862,Schröflebachbrücke,B198 007,2007,6,
bruecke,bruecke.481,8    -L 198 -    -,L198,Lechtalstraße,RFB 1,14.754,14.783,Glattecktobelbrücke,B198 022,1905,6,
bruecke,bruecke.492,8    -L 198 -    -,L198,Lechtalstraße,RFB 1,5.752,5.782,Dritte Zürsbachbrücke,B198 010,2009,6,
bruecke,bruecke.511,8    -L 198 -    -,L198,Lechtalstraße,RFB 1,8.85,8.893,Mühlelochbrücke,B198 013,1910,6,
bruecke,bruecke.521,8    -L 198 -    -,L198,Lechtalstraße,RFB 1,9.376,9.403,Omesbrücke,B198 015,1956,6,
bruecke,bruecke.533,8    -L 198 -    -,L198,Lechtalstraße,RFB 1,9.543,9.555,Überdeckung Krachertobeldurchlass für Gehsteigkonstruktion,B198 039,1965,6,
bruecke,bruecke.586,8    -L 198 -    -,L198,Lechtalstraße,RFB 1,2.304,2.358,Obere Flexenkopfbrücke,B198 004,1938,6,
bruecke,bruecke.594,8    -L 198 -    -,L198,Lechtalstraße,RFB 1,17.276,17.351,Hangbrücke,B198 024,1971,6,
bruecke,bruecke.598,8    -L 198 -    -,L198,Lechtalstraße,RFB 1,2.055,2.084,Hölltobelbrücke,B198 002,2009,6,
bruecke,bruecke.600,8    -L 198 -    -,L198,Lechtalstraße,RFB 1,3.007,3.02,Dörlisbodenbrücke,B198 006,1951,6,
bruecke,bruecke.2,8    -L   2 -    -,L2,Langener Straße,RFB 1,1.453,1.508,Fallenderbachbrücke,L002 001,1977,7.5,
bruecke,bruecke.76,8    -L   2 -    -,L2,Langener Straße,RFB 1,13.976,13.991,Kesselbachbrücke (Grenze),L002 013,1907,7.5,
bruecke,bruecke.131,8    -L   2 -    -,L2,Langener Straße,RFB 1,12.272,12.278,Durchlass Weißenhuberbach,L002 014,2000,7.5,
bruecke,bruecke.234,8    -L   2 -    -,L2,Langener Straße,RFB 1,10.744,10.759,Viehdurchlass 4,L002 012,1982,7.5,
bruecke,bruecke.315,8    -L   2 -    -,L2,Langener Straße,RFB 1,0.2,0.74,Überführung der L2 über den Citytunnel,A 14 T02,,7.5,
bruecke,bruecke.429,8    -L   2 -    -,L2,Langener Straße,RFB 1,5.077,5.105,Schülenbachdurchlass,L002 007,1961,7.5,
bruecke,bruecke.437,8    -L   2 -    -,L2,Langener Straße,RFB 1,2.801,2.874,Kusterbergbrücke,L002 003,1980,7.5,
bruecke,bruecke.472,8    -L   2 -    -,L2,Langener Straße,RFB 1,4.967,5.017,Hocheckbrücke,L002 006,1962,7.5,
bruecke,bruecke.538,8    -L   2 -    -,L2,Langener Straße,RFB 1,7.913,7.932,Viehdurchlass 3,L002 010,1981,7.5,
bruecke,bruecke.580,8    -L   2 -    -,L2,Langener Straße,RFB 1,6.743,6.78,Wirtatobelbrücke,L002 009,1954,7.5,
bruecke,bruecke.647,8    -L   2 -    -,L2,Langener Straße,RFB 1,10.236,10.347,Leckenbachbrücke,L002 011,1981,7.5,
bruecke,bruecke.671,8    -L   2 -    -,L2,Langener Straße,RFB 1,6.128,6.171,Hangbrücke,L002 008,1969,7.5,
bruecke,bruecke.98,8    -L  20 -    -,L20,Dorener Straße,RFB 1,6.324,6.329,Eyenbachbrücke (Grenze),L020 002,1920,7.5,
bruecke,bruecke.505,8    -L  20 -    -,L20,Dorener Straße,RFB 1,1.008,1.025,Tobelbrücke,L020 001,1953,7.5,
bruecke,bruecke.16,8    -L 200 -    -,L200,Bregenzerwaldstraße,RFB 1,29.961,29.986,Fluhbachbrücke,B200 026,1975,9,
bruecke,bruecke.18,8    -L 200 -    -,L200,Bregenzerwaldstraße,RFB 1,47.013,47.08,Bregenzerachbrücke beim Felderbrünnele,B200 042,1965,9,
bruecke,bruecke.40,8    -L 200 -    -,L200,Bregenzerwaldstraße,RFB 1,53.929,53.947,Litzetobeldurchlass,B200 052,1986,9,
bruecke,bruecke.46,8    -L 200 -    -,L200,Bregenzerwaldstraße,RFB 1,45.472,45.508,Bodenbrücke,B200 038,1960,9,
bruecke,bruecke.68,8    -L 200 -    -,L200,Bregenzerwaldstraße,RFB 1,5.315,5.38,Schwarzachbrücke,B200 083,2007,9,
bruecke,bruecke.90,8    -L 200 -    -,L200,Bregenzerwaldstraße,RFB 1,54.919,54.966,Seebachbrücke 2,B200 055,1987,9,
bruecke,bruecke.116,8    -L 200 -    -,L200,Bregenzerwaldstraße,RFB 1,52.815,52.931,Tannbergbrücke,B200 049,1935,9,
bruecke,bruecke.121,8    -L 200 -    -,L200,Bregenzerwaldstraße,RFB 1,22.495,22.5,Kellengrabendurchlass,B200 074,2005,9,
bruecke,bruecke.125,8    -L 200 -    -,L200,Bregenzerwaldstraße,RFB 1,17.734,17.77,Pfisterbachbrücke,B200 019,1970,9,
bruecke,bruecke.144,8    -L 200 -    -,L200,Bregenzerwaldstraße,RFB 1,45.289,45.32,Schrecksbachbrücke,B200 037,1992,9,
bruecke,bruecke.146,8    -L 200 -    -,L200,Bregenzerwaldstraße,RFB 1,22.789,22.815,Viedurchlass Objekt V10,B200 075,2005,9,
bruecke,bruecke.153,8    -L 200 -    -,L200,Bregenzerwaldstraße,RFB 1,15.675,15.758,Hangbrücke Tuppen 1,B200 013,1976,9,
bruecke,bruecke.155,8    -L 200 -    -,L200,Bregenzerwaldstraße,RFB 1,25.415,25.428,Holzsteinbachbrücke,B200 022,1972,9,
bruecke,bruecke.161,8    -L 200 -    -,L200,Bregenzerwaldstraße,RFB 1,16.315,16.44,Hangbrücke Tuppen 4,B200 016,1976,9,
bruecke,bruecke.169,8    -L 200 -    -,L200,Bregenzerwaldstraße,RFB 1,59.725,59.737,Viehdurchlass Drexel,B200 064,1938,9,
bruecke,bruecke.190,8    -L 200 -    -,L200,Bregenzerwaldstraße,RFB 1,54.726,54.879,Litzetobelbrücke,B200 054,1988,9,
bruecke,bruecke.205,8    -L 200 -    -,L200,Bregenzerwaldstraße,RFB 1,13.505,13.518,Spargewölbe-Auslaufbauwerk Rohrdurchlass,B200 091,1952,9,
bruecke,bruecke.208,8    -L 200 -    -,L200,Bregenzerwaldstraße,RFB 1,24.735,24.671,Sporenbrücke,B200 021,1972,9,
bruecke,bruecke.210,8    -L 200 -    -,L200,Bregenzerwaldstraße,RFB 1,12.4,12.428,Gewölbedurchlass 3 (Froisbach),B200 069,1905,9,
bruecke,bruecke.227,8    -L 200 -    -,L200,Bregenzerwaldstraße,RFB 1,27.041,27.073,Zubringerunterführung,B200 023,1975,9,
bruecke,bruecke.236,8    -L 200 -    -,L200,Bregenzerwaldstraße,RFB 1,47.441,47.506,Aufgelöste Stützmauer Prof 33-42 (Halbbrücke),B200 085,1959,9,
bruecke,bruecke.245,8    -L 200 -    -,L200,Bregenzerwaldstraße,RFB 1,0.032,0.04,Radwegunterführung Pfeiler L200,B200 078,2008,9,
bruecke,bruecke.260,8    -L 200 -    -,L200,Bregenzerwaldstraße,RFB 1,50.156,50.225,Wasserfallbrücke,B200 045,1963,9,
bruecke,bruecke.262,8    -L 200 -    -,L200,Bregenzerwaldstraße,RFB 1,27.087,27.119,Brücke über die  Wälderbahn,B200 024,1975,9,
bruecke,bruecke.276,8    -L 200 -    -,L200,Bregenzerwaldstraße,RFB 1,53.599,53.647,Heimbodenbrücke,B200 050,1986,9,
bruecke,bruecke.290,8    -L 200 -    -,L200,Bregenzerwaldstraße,RFB 1,39.674,39.695,Jagdhausenbrücke,B200 033,1967,9,
bruecke,bruecke.293,8    -L 200 -    -,L200,Bregenzerwaldstraße,RFB 1,48.929,48.991,Hopfrebenerbachbrücke,B200 043,1959,9,
bruecke,bruecke.300,8    -L 200 -    -,L200,Bregenzerwaldstraße,RFB 1,15.79,16.151,Hangbrücke Tuppen 2,B200 014,1976,9,
bruecke,bruecke.307,8    -L 200 -    -,L200,Bregenzerwaldstraße,RFB 1,54.238,54.367,Kehrenbrücke,B200 053,1988,9,
bruecke,bruecke.313,8    -L 200 -    -,L200,Bregenzerwaldstraße,RFB 1,13.465,13.489,Müselbachergraben,B200 010,1952,9,
bruecke,bruecke.320,8    -L 200 -    -,L200,Bregenzerwaldstraße,RFB 1,45.656,45.72,Himmelriesebrücke,B200 039,1960,9,
bruecke,bruecke.326,8    -L 200 -    -,L200,Bregenzerwaldstraße,RFB 1,15.393,15.424,Vogelkennerbachbrücke,B200 012,1974,9,
bruecke,bruecke.335,8    -L 200 -    -,L200,Bregenzerwaldstraße,RFB 1,60.773,60.809,Krumbachbrücke,B200 067,1948,9,
bruecke,bruecke.343,8    -L 200 -    -,L200,Bregenzerwaldstraße,RFB 1,0.788,0.828,Ochsenmahddurchlass,B200 080,2008,9,
bruecke,bruecke.353,8    -L 200 -    -,L200,Bregenzerwaldstraße,RFB 1,59.071,59.107,Bergundbachbrücke,B200 062,1938,9,
bruecke,bruecke.367,8    -L 200 -    -,L200,Bregenzerwaldstraße,RFB 1,56.419,56.445,Steinigwiesdurchlass,B200 059,1951,9,
bruecke,bruecke.390,8    -L 200 -    -,L200,Bregenzerwaldstraße,RFB 1,42.791,42.808,Schrannebachbrücke,B200 036,1950,9,
bruecke,bruecke.392,8    -L 200 -    -,L200,Bregenzerwaldstraße,RFB 1,31.258,31.411,Bregenzerachbrücke Mellau,B200 028,1975,9,
bruecke,bruecke.399,8    -L 200 -    -,L200,Bregenzerwaldstraße,RFB 1,34.008,34.035,Engebrücke,B200 029,1977,9,
bruecke,bruecke.401,8    -L 200 -    -,L200,Bregenzerwaldstraße,RFB 1,30.088,30.119,Simonsbachbrücke,B200 027,1975,9,
bruecke,bruecke.420,8    -L 200 -    -,L200,Bregenzerwaldstraße,RFB 1,45.886,45.939,Bregenzerachbrücke E Werk,B200 040,1965,9,
bruecke,bruecke.422,8    -L 200 -    -,L200,Bregenzerwaldstraße,RFB 1,46.008,46.024,Sennauerbrücke,B200 041,1959,9,
bruecke,bruecke.444,8    -L 200 -    -,L200,Bregenzerwaldstraße,RFB 1,53.842,53.894,Seebachbrücke 1,B200 051,1987,9,
bruecke,bruecke.447,8    -L 200 -    -,L200,Bregenzerwaldstraße,RFB 1,14.975,15.105,Maldonerbachbrücke,B200 011,2018,9,
bruecke,bruecke.450,8    -L 200 -    -,L200,Bregenzerwaldstraße,RFB 1,17.039,17.058,Schmittenbachbrücke,B200 018,1970,9,
bruecke,bruecke.464,8    -L 200 -    -,L200,Bregenzerwaldstraße,RFB 1,58.155,58.174,Seebachdurchlass,B200 060,1951,9,
bruecke,bruecke.496,8    -L 200 -    -,L200,Bregenzerwaldstraße,RFB 1,27.123,27.176,Rohrleitung Dürrenberggraben,B200 092,2006,9,
bruecke,bruecke.497,8    -L 200 -    -,L200,Bregenzerwaldstraße,RFB 1,41.333,41.365,Rehmerbachbrücke,B200 035,1964,9,
bruecke,bruecke.513,8    -L 200 -    -,L200,Bregenzerwaldstraße,RFB 1,55.624,55.839,Nessleggbrücke,B200 058,1986,9,
bruecke,bruecke.524,8    -L 200 -    -,L200,Bregenzerwaldstraße,RFB 1,62.594,62.606,Wolfseggbachbrücke,B200 068,1937,9,
bruecke,bruecke.529,8    -L 200 -    -,L200,Bregenzerwaldstraße,RFB 1,50.257,50.352,Hangbrücke 1,B200 046,1963,9,
bruecke,bruecke.531,8    -L 200 -    -,L200,Bregenzerwaldstraße,RFB 1,35.444,35.45,Wilddurchlass 1 VÖST K10,B200 070,1977,9,
bruecke,bruecke.546,8    -L 200 -    -,L200,Bregenzerwaldstraße,RFB 1,55.064,55.161,Bliesehangbrücke,B200 057,1986,9,
bruecke,bruecke.552,8    -L 200 -    -,L200,Bregenzerwaldstraße,RFB 1,16.44,16.521,Tuppenbrücke,B200 017,1976,9,
bruecke,bruecke.558,8    -L 200 -    -,L200,Bregenzerwaldstraße,RFB 1,40.648,40.663,Achbachbrücke,B200 034,1964,9,
bruecke,bruecke.560,8    -L 200 -    -,L200,Bregenzerwaldstraße,RFB 1,50.419,50.461,Hangbrücke 2,B200 047,1962,9,
bruecke,bruecke.567,8    -L 200 -    -,L200,Bregenzerwaldstraße,RFB 1,16.167,16.271,Hangbrücke Tuppen 3,B200 015,1977,9,
bruecke,bruecke.574,8    -L 200 -    -,L200,Bregenzerwaldstraße,RFB 1,51.491,51.57,Unterbodenbrücke,B200 048,1982,9,
bruecke,bruecke.611,8    -L 200 -    -,L200,Bregenzerwaldstraße,RFB 1,10.3,10.308,Viehdurchlass 1,B200 009,1982,9,
bruecke,bruecke.613,8    -L 200 -    -,L200,Bregenzerwaldstraße,RFB 1,47.5,47.563,aufgelöste Stützmauer Prof 42-51 (Halbbrücke),B200 086,1959,9,
bruecke,bruecke.626,8    -L 200 -    -,L200,Bregenzerwaldstraße,RFB 1,49.928,49.955,Hummelwaldbrücke,B200 044,1962,9,
bruecke,bruecke.628,8    -L 200 -    -,L200,Bregenzerwaldstraße,RFB 1,36.886,36.905,Höllbachbrücke,B200 031,1977,9,
bruecke,bruecke.663,8    -L 200 -    -,L200,Bregenzerwaldstraße,RFB 1,49.718,49.778,Riesebrücke,B200 072,1963,9,
bruecke,bruecke.665,8    -L 200 -    -,L200,Bregenzerwaldstraße,RFB 1,36.623,36.629,Wilddurchlass 2 VÖST K10,B200 071,1977,9,
bruecke,bruecke.112,8    -L 200 -    -D,L200-D,Bregenzerwaldstraße,RFB 1,21.44,21.461,Brücke über die Druckrohrleitung,B200 020,2003,9,
bruecke,bruecke.10,8    -L 201 -    -,L201,Kleinwalsertalstraße,RFB 1,1.078,1.09,Weißenbachbrücke,B201 007,1954,8.5,
bruecke,bruecke.60,8    -L 201 -    -,L201,Kleinwalsertalstraße,RFB 1,1.757,1.808,Buchenbachbrücke,B201 009,1954,8.5,
bruecke,bruecke.106,8    -L 201 -    -,L201,Kleinwalsertalstraße,RFB 1,0,0.025,Schanztobelbrücke (Grenze),B201 001,1956,8.5,
bruecke,bruecke.139,8    -L 201 -    -,L201,Kleinwalsertalstraße,RFB 1,0.323,0.344,Sophienbrücke,B201 003,1914,8.5,
bruecke,bruecke.219,8    -L 201 -    -,L201,Kleinwalsertalstraße,RFB 1,0.507,0.529,Karlesbubesbrücke,B201 004,1914,8.5,
bruecke,bruecke.283,8    -L 201 -    -,L201,Kleinwalsertalstraße,RFB 1,3.765,3.829,Schmiedtobelbrücke,B201 010,1994,8.5,
bruecke,bruecke.339,8    -L 201 -    -,L201,Kleinwalsertalstraße,RFB 1,8.891,8.906,Ahornbachbrücke,B201 014,1935,8.5,
bruecke,bruecke.384,8    -L 201 -    -,L201,Kleinwalsertalstraße,RFB 1,12.666,12.699,Rufalabachbrücke,B201 013,1966,8.5,
bruecke,bruecke.415,8    -L 201 -    -,L201,Kleinwalsertalstraße,RFB 1,0.654,0.698,Michelesbrücke,B201 005,1955,8.5,
bruecke,bruecke.473,8    -L 201 -    -,L201,Kleinwalsertalstraße,RFB 1,5.279,5.306,Zwerenbachbrücke,B201 011,2000,8.5,
bruecke,bruecke.602,8    -L 201 -    -,L201,Kleinwalsertalstraße,RFB 1,5.484,5.583,Breitachbrücke,B201 012,2002,8.5,
bruecke,bruecke.621,8    -L 201 -    -,L201,Kleinwalsertalstraße,RFB 1,0.268,0.302,Schanzeggbrücke,B201 002,1914,8.5,
bruecke,bruecke.32,8    -L 202 -    -,L202,Schweizer Straße,RFB 1,4.983,5.003,Lauterachbrücke,B202 005,2008,12.8,
bruecke,bruecke.71,8    -L 202 -    -,L202,Schweizer Straße,RFB 1,6.283,6.315,Lustenauer Kanalbrücke,B202 012,1968,12.8,
bruecke,bruecke.134,8    -L 202 -    -,L202,Schweizer Straße,RFB 1,6.19,6.25,Dornbirnerachbrücke,B202 011,1968,12.8,
bruecke,bruecke.201,8    -L 202 -    -,L202,Schweizer Straße,RFB 1,4.052,4.082,Fußgängerunterführung Eschlestraße,B202 018,1992,12.8,
bruecke,bruecke.241,8    -L 202 -    -,L202,Schweizer Straße,RFB 1,10.498,10.53,Brücke Alter Rhein (Grenze),B202 014,2017,12.8,
bruecke,bruecke.254,8    -L 202 -    -,L202,Schweizer Straße,RFB 1,2.953,3.081,Bregenzerachbrücke bei Hard,B202 003,2003,12.8,
bruecke,bruecke.361,8    -L 202 -    -,L202,Schweizer Straße,RFB 1,5.638,5.667,Unterführung  Erlachstraße,B202 008,1981,12.8,
bruecke,bruecke.410,8    -L 202 -    -,L202,Schweizer Straße,RFB 1,5.21,5.215,Fußgängerunterführung Erlengrund,B202 006,1971,12.8,
bruecke,bruecke.432,8    -L 202 -    -,L202,Schweizer Straße,RFB 1,6.742,6.762,Radwegunterführung,B202 017,1986,12.8,
bruecke,bruecke.458,8    -L 202 -    -,L202,Schweizer Straße,RFB 1,6.163,6.169,Hardergrabenbrücke,B202 010,1939,12.8,
bruecke,bruecke.540,8    -L 202 -    -,L202,Schweizer Straße,RFB 1,5.808,5.828,Birkengrabenbrücke,B202 009,1939,12.8,
bruecke,bruecke.569,8    -L 202 -    -,L202,Schweizer Straße,RFB 1,5.457,5.48,Gerberbachbrücke,B202 007,1939,12.8,
bruecke,bruecke.589,8    -L 202 -    -,L202,Schweizer Straße,RFB 1,6.467,6.734,Rheinbrücke Hard - Fußach,B202 013,1972,12.8,
bruecke,bruecke.637,8    -L 202 -    -,L202,Schweizer Straße,RFB 1,4.11,4.145,Quellenbachbrücke,B202 004,2006,12.8,
bruecke,bruecke.657,8    -L 202 -    -,L202,Schweizer Straße,RFB 1,2.769,2.825,Fußgängerunterführung Prälatendamm,B202 002,1975,12.8,
bruecke,bruecke.54,8    -L 203 -    -,L203,Rheinstraße,RFB 1,13.366,13.387,Rheindorfer - Kanalbrücke,B203 010,1935,8,
bruecke,bruecke.164,8    -L 203 -    -,L203,Rheinstraße,RFB 1,2.208,2.223,Emserachbrücke,B203 002,1933,8,
bruecke,bruecke.248,8    -L 203 -    -,L203,Rheinstraße,RFB 1,4.652,4.67,Ermenbachbrücke,B203 005,1930,8,
bruecke,bruecke.347,8    -L 203 -    -,L203,Rheinstraße,RFB 1,4.069,4.094,Sohlgrabenbrücke,B203 004,1998,8,
bruecke,bruecke.379,8    -L 203 -    -,L203,Rheinstraße,RFB 1,7.544,7.566,Diepoldsauer - Kanalbrücke,B203 008,1926,8,
bruecke,bruecke.439,8    -L 203 -    -,L203,Rheinstraße,RFB 1,3.884,3.946,Stöcklabrücke,B203 003,2004,8,
bruecke,bruecke.490,8    -L 203 -    -,L203,Rheinstraße,RFB 1,5.804,5.868,V62 Überführung der L203,A 14 059,1970,8,
bruecke,bruecke.615,8    -L 203 -    -,L203,Rheinstraße,RFB 1,5.528,5.62,Koblacher Kanalbrücke,B203 006,1969,8,
bruecke,bruecke.84,8    -L 204 -    -,L204,Lustenauer Straße,RFB 1,6.606,6.782,Rheinbrücke Lustenau - Au (Grenze),B204 010,1957,8,
bruecke,bruecke.302,8    -L 204 -    -,L204,Lustenauer Straße,RFB 1,1.156,1.175,Fußgängerunterführung Schoren,B204 001,1970,8,
bruecke,bruecke.674,8    -L 204 -    -,L204,Lustenauer Straße,RFB 1,6.579,6.605,Unterführung der Dammstraße,B204 009,1956,8,
bruecke,bruecke.5,8    -L 204 -    -E,L204-E,Lustenauer Straße (Einbahn),RFB 1,4.656,4.66,Staldenbachbrücke,B204 006,1980,8,
bruecke,bruecke.26,8    -L 204 -    -E,L204-E,Lustenauer Straße (Einbahn),RFB 1,4.663,4.678,Wirtschaftswegunterführung RRFB,B204 007R,1978,8,
bruecke,bruecke.183,8    -L 204 -    -E,L204-E,Lustenauer Straße (Einbahn),RFB 1,4.477,4.521,Koblacherkanalbrücke RRFB,B204 005R,1979,8,
bruecke,bruecke.237,8    -L 204 -    -E,L204-E,Lustenauer Straße (Einbahn),RFB 1,5.188,5.194,Scheibenbachdurchlass,B204 008,1980,8,
bruecke,bruecke.270,8    -L 204 -    -E,L204-E,Lustenauer Straße (Einbahn),RFB 1,3.863,3.869,Landgrabendurchlass,B204 004,1980,8,
bruecke,bruecke.518,8    -L 204 -    -E,L204-E,Lustenauer Straße (Einbahn),RFB 1,3.004,3.018,Wirtschaftswegdurchlass RRFB,B204 003R,1977,8,
bruecke,bruecke.101,8    -L 204 -    -G,L204-G,Lustenauer Straße (Gegenfahrbahn),RFB 2,3.863,3.869,Landgrabendurchlass,B204 004,1980,8,
bruecke,bruecke.194,8    -L 204 -    -G,L204-G,Lustenauer Straße (Gegenfahrbahn),RFB 2,5.193,5.187,Scheibenbachdurchlass,B204 008,1980,8,
bruecke,bruecke.328,8    -L 204 -    -G,L204-G,Lustenauer Straße (Gegenfahrbahn),RFB 2,4.66,4.656,Staldenbachbrücke,B204 006,1980,8,
bruecke,bruecke.508,8    -L 204 -    -G,L204-G,Lustenauer Straße (Gegenfahrbahn),RFB 2,3.018,3.003,Wirtschaftswegdurchlass LRFB,B204 003L,1977,8,
bruecke,bruecke.596,8    -L 204 -    -G,L204-G,Lustenauer Straße (Gegenfahrbahn),RFB 2,4.679,4.663,Wirtschaftswegunterführung LRFB,B204 007L,1978,8,
bruecke,bruecke.651,8    -L 204 -    -G,L204-G,Lustenauer Straße (Gegenfahrbahn),RFB 2,4.519,4.475,Koblacherkanalbrücke LRFB,B204 005L,1979,8,
bruecke,bruecke.65,8    -L 205 -    -,L205,Hittisauer Straße,RFB 1,11.688,11.893,Bärentobelbrücke,B205 003,1954,8,
bruecke,bruecke.231,8    -L 205 -    -,L205,Hittisauer Straße,RFB 1,15.027,15.09,Sägebachdurchlass,B205 004,1962,8,
bruecke,bruecke.372,8    -L 205 -    -,L205,Hittisauer Straße,RFB 1,0.148,0.168,Brücke über die L25,B205 001,1972,8,
bruecke,bruecke.396,8    -L 205 -    -,L205,Hittisauer Straße,RFB 1,16.415,16.441,Littenbachbrücke (Grenze),B205 005,1991,8,
bruecke,bruecke.631,8    -L 205 -    -,L205,Hittisauer Straße,RFB 1,0.677,1.067,Hochbrücke Lingenau,B205 002,1967,8,
bruecke,bruecke.21,8    -L  21 -    -,L21,Sulzberger Straße,RFB 1,2.785,2.915,Schönenbühlbrücke,L021 003,1978,8,
bruecke,bruecke.340,8    -L  21 -    -,L21,Sulzberger Straße,RFB 1,2.662,2.759,Hompmannsbrücke,L021 002,1979,8,
bruecke,bruecke.485,8    -L  21 -    -,L21,Sulzberger Straße,RFB 1,13.278,13.319,Gschwendbrücke (Weißach),L021 005,1979,8,
bruecke,bruecke.178,8    -L  22 -    -,L22,Riefensberger Straße,RFB 1,2.033,2.163,Auenbrücke,L022 002,1987,8,
bruecke,bruecke.316,8    -L  22 -    -,L22,Riefensberger Straße,RFB 1,2.484,2.612,Fenkernbachbrücke,L022 003,1983,8,
bruecke,bruecke.323,8    -L  22 -    -,L22,Riefensberger Straße,RFB 1,6.865,6.871,Jagdbachdurchlass,L022 005,1976,8,
bruecke,bruecke.469,8    -L  22 -    -,L22,Riefensberger Straße,RFB 1,0.648,0.697,Hechtbrücke,L022 001,1959,8,
bruecke,bruecke.502,8    -L  22 -    -,L22,Riefensberger Straße,RFB 1,4.274,4.332,Mühlbachbrücke,L022 004,1975,8,
bruecke,bruecke.150,8    -L  24 -    -,L24,Sibratsgfäller Straße,RFB 1,5.75,5.788,Fischbachbrücke,L024 002,1982,8,
bruecke,bruecke.424,8    -L  24 -    -,L24,Sibratsgfäller Straße,RFB 1,4.308,4.352,Plattendurchlass,L024 007,1978,8,
bruecke,bruecke.453,8    -L  24 -    -,L24,Sibratsgfäller Straße,RFB 1,8.214,8.232,Fugenbachbrücke (Grenze),L024 005,1910,8,
bruecke,bruecke.563,8    -L  24 -    -,L24,Sibratsgfäller Straße,RFB 1,7.69,7.728,Tobelbachbrücke,L024 004,1910,8,
bruecke,bruecke.49,8    -L  25 -    -,L25,Müselbacher Straße,RFB 1,1.592,1.615,Schmittenbachbrücke,L025 001,1930,8,
bruecke,bruecke.591,8    -L  25 -    -,L25,Müselbacher Straße,RFB 1,1.811,1.861,Langeneggerbrücke,L025 002,1902,8,
bruecke,bruecke.95,8    -L  26 -    -,L26,Egger Straße,RFB 1,2.274,2.461,Eselmühlbrücke,L026 002,1977,8,
bruecke,bruecke.242,8    -L  26 -    -,L26,Egger Straße,RFB 1,3.227,3.27,Losenbachbrücke,L026 003,1976,8,
bruecke,bruecke.296,8    -L  26 -    -,L26,Egger Straße,RFB 1,0.27,0.411,Fluhbrücke,L026 001,1974,8,
bruecke,bruecke.644,8    -L  26 -    -,L26,Egger Straße,RFB 1,3.77,3.795,Mühltobelbachdurchlass,L026 004,1976,8,
bruecke,bruecke.79,8    -L  28 -    -,L28,Bizauer Straße,RFB 1,2.117,2.153,Bizauerbachbrücke,L028 002,2002,8,
bruecke,bruecke.214,8    -L  28 -    -,L28,Bizauer Straße,RFB 1,0.023,0.097,Bayenbrücke,L028 001,1969,8,
bruecke,bruecke.426,8    -L  29 -    -,L29,Großdorfer Straße,RFB 1,1.018,1.031,Viehdurchlass,L029 003,1998,8,
bruecke,bruecke.534,8    -L  29 -    -,L29,Großdorfer Straße,RFB 1,2.774,3.149,Gschwendtobelbrücke,L029 002,1981,8,
bruecke,bruecke.583,8    -L  29 -    -,L29,Großdorfer Straße,RFB 1,0.088,0.114,Schmiedlebachbrücke,L029 001,1983,8,
bruecke,bruecke.128,8    -L   3 -    -,L3,Hofsteigstraße,RFB 1,6.854,6.866,Schlattgrabendurchlass,L003 005,1986,8,
bruecke,bruecke.158,8    -L   3 -    -,L3,Hofsteigstraße,RFB 1,1.298,1.304,Fußgängerunterführung Lauterach,L003 001,1972,12.5,
bruecke,bruecke.206,8    -L   3 -    -,L3,Hofsteigstraße,RFB 1,9.812,9.821,Haselstauderbachbrücke,L003 008,1967,12.5,
bruecke,bruecke.265,8    -L   3 -    -,L3,Hofsteigstraße,RFB 1,7.62,7.653,Minderachbrücke,L003 006,1938,12.5,
bruecke,bruecke.272,8    -L   3 -    -,L3,Hofsteigstraße,RFB 1,11.13,11.144,Fischbachbrücke,L003 009,1987,12.5,
bruecke,bruecke.404,8    -L   3 -    -,L3,Hofsteigstraße,RFB 1,8.273,8.294,Schwarzachbrücke,L003 007,1973,12.5,
bruecke,bruecke.501,8    -L   3 -    -,L3,Hofsteigstraße,RFB 1,5.17,5.18,Ippachbrücke,L003 015,2014,12.5,
bruecke,bruecke.608,8    -L   3 -    -,L3,Hofsteigstraße,RFB 1,9.095,9.123,Überquerung Achraintunnel,L003 013,2007,12.5,
bruecke,bruecke.668,8    -L   3 -    -,L3,Hofsteigstraße,RFB 1,6.672,6.689,Rickenbachbrücke,L003 004,1973,12.5,
bruecke,bruecke.78,8    -L   4 -    -,L4,Vorderwälder Straße,RFB 1,2.032,2.055,Standbachbrücke,L004 003,2014,7.5,
bruecke,bruecke.212,8    -L   4 -    -,L4,Vorderwälder Straße,RFB 1,8.251,8.256,Gehsteigbrücke (Viehdurchlass),L004 005a,1994,7.5,
bruecke,bruecke.332,8    -L   4 -    -,L4,Vorderwälder Straße,RFB 1,1.295,1.338,Rotachbrücke,L004 002,1951,7.5,
bruecke,bruecke.394,8    -L   4 -    -,L4,Vorderwälder Straße,RFB 1,1.123,1.133,Sägerbachbrücke,L004 001,2010,7.5,
bruecke,bruecke.468,8    -L   4 -    -,L4,Vorderwälder Straße,RFB 1,10.509,10.694,Brunsttobelbrücke,L004 006,2014,7.5,
bruecke,bruecke.223,8    -L  40 -    -,L40,Brugger Straße,RFB 1,0.034,0.303,Rheinbrücke bei Brugg,L040 001,1983,7.5,
bruecke,bruecke.7,8    -L  41 -    -,L41,Senderstraße,RFB 1,0.648,0.663,Grindelkanalbrücke,L041 001,1966,7.5,
bruecke,bruecke.103,8    -L  41 -    -,L41,Senderstraße,RFB 1,5.232,5.286,V35a Brücke über den Wolfurter Landgraben,L041 006,1979,7.5,
bruecke,bruecke.127,8    -L  41 -    -,L41,Senderstraße,RFB 1,0.783,0.81,Scheibenbachbrücke,L041 002,2017,7.5,
bruecke,bruecke.257,8    -L  41 -    -,L41,Senderstraße,RFB 1,5.811,5.888,Überführung der L41,B190 050,1979,7.5,
bruecke,bruecke.356,8    -L  41 -    -,L41,Senderstraße,RFB 1,2.701,2.752,Koblacherkanalbrücke,L041 003,1988,7.5,
bruecke,bruecke.381,8    -L  41 -    -,L41,Senderstraße,RFB 1,2.963,3.037,Dornbirnerachbrücke,L041 005,1916,7.5,
bruecke,bruecke.434,8    -L  41 -    -,L41,Senderstraße,RFB 1,2.943,2.954,Elsässerkanalbrücke,L041 004,1916,7.5,
bruecke,bruecke.461,8    -L  41 -    -,L41,Senderstraße,RFB 1,5.712,5.738,Wirtschaftswegdurchlass,L041 007,1979,7.5,
bruecke,bruecke.15,8    -L  41 -   6-R 2,L41-6-R2,L41 Senderstraße - Rampe 2,RFB 1,0.478,0.494,Wolfurter Landgrabendurchlass,B190 051,2017,7.5,
bruecke,bruecke.527,8    -L  42 -    -,L42,Werbenstraße,RFB 1,2.825,2.916,V52 Überführung der L42,A 14 047,1972,7.5,
bruecke,bruecke.280,8    -L  44 -    -,L44,Widnauer Straße,RFB 1,1.35,1.464,Widnauer Rheinbrücke (Grenze),L044 002,1913,7.5,
bruecke,bruecke.119,8    -L  45 -    -,L45,Schmitternstraße,RFB 1,3.032,3.047,V58a Landgrabenbrücke,L045 002,1970,7.5,
bruecke,bruecke.198,8    -L  45 -    -,L45,Schmitternstraße,RFB 1,3.586,3.627,Koblacherkanalbrücke,L045 003,1972,7.5,
bruecke,bruecke.364,8    -L  45 -    -,L45,Schmitternstraße,RFB 1,3.573,3.586,Wirtschaftswegdurchlass am Koblacherkanal,L045 003a,1996,7.5,
bruecke,bruecke.412,8    -L  45 -    -,L45,Schmitternstraße,RFB 1,5.031,5.043,Rheinbrücke Schmitter (Grenze),L045 005,1929,7.5,
bruecke,bruecke.29,8    -L  46 -    -,L46,Diepoldsauer Straße,RFB 1,1.03,1.051,Fußgängerunterführung und Radweg,L046 002,1985,7.5,
bruecke,bruecke.186,8    -L  46 -    -,L46,Diepoldsauer Straße,RFB 1,1.091,1.134,Emsbachbrücke,L046 003,1984,7.5,
bruecke,bruecke.441,8    -L  46 -    -,L46,Diepoldsauer Straße,RFB 1,1.848,1.864,Brücke über den Alten Rhein (Paul Grüninger Brücke),L046 005,2008,7.5,
bruecke,bruecke.452,8    -L  46 -    -,L46,Diepoldsauer Straße,RFB 1,1.438,1.442,Querung Wasserverband Rheintal,L046 008,1971,7.5,
bruecke,bruecke.676,8    -L  46 -    -,L46,Diepoldsauer Straße,RFB 1,1.255,1.282,Koblacherkanalbrücke,L046 004,1970,7.5,
bruecke,bruecke.493,8    -L  47 -    -,L47,Bauernstraße,RFB 1,1.501,1.522,Emserachbrücke,L047 002,1989,7.5,
bruecke,bruecke.57,8    -L  48 -    -,L48,Bödelestraße,RFB 1,0.95,0.965,Steinebachbrücke,L048 001,1980,7.5,
bruecke,bruecke.87,8    -L  48 -    -,L48,Bödelestraße,RFB 1,7.016,7.066,Wiesenbrücke,L048 009,1987,7.5,
bruecke,bruecke.136,8    -L  48 -    -,L48,Bödelestraße,RFB 1,5.408,5.416,Sägerbachdurchlass,L048 007,1951,7.5,
bruecke,bruecke.166,8    -L  48 -    -,L48,Bödelestraße,RFB 1,4.461,4.512,Lumpertobelbrücke,L048 004,1979,7.5,
bruecke,bruecke.180,8    -L  48 -    -,L48,Bödelestraße,RFB 1,7.738,7.849,Hornbrücke,L048 011,1987,7.5,
bruecke,bruecke.226,8    -L  48 -    -,L48,Bödelestraße,RFB 1,9.847,9.864,Exerbachbrücke,L048 013,2019,7.5,
bruecke,bruecke.250,8    -L  48 -    -,L48,Bödelestraße,RFB 1,9.336,9.353,Viehdurchlass,L048 012,1956,7.5,
bruecke,bruecke.304,8    -L  48 -    -,L48,Bödelestraße,RFB 1,2.858,2.865,Fußgängerunterführung Watzenegg,L048 015,1972,7.5,
bruecke,bruecke.406,8    -L  48 -    -,L48,Bödelestraße,RFB 1,15.387,15.583,Schwarzenbergerbrücke,L048 014,1968,7.5,
bruecke,bruecke.428,8    -L  48 -    -,L48,Bödelestraße,RFB 1,8.171,8.206,Losenbachdurchlass,L048 016,1985,7.5,
bruecke,bruecke.510,8    -L  48 -    -,L48,Bödelestraße,RFB 1,5.055,5.134,Rickatschwendebrücke,L048 006,1978,7.5,
bruecke,bruecke.543,8    -L  48 -    -,L48,Bödelestraße,RFB 1,4.741,4.806,Sägerbachbrücke,L048 005,1979,7.5,
bruecke,bruecke.571,8    -L  48 -    -,L48,Bödelestraße,RFB 1,3.576,3.675,Gehrengrabenbrücke,L048 003,1976,7.5,
bruecke,bruecke.599,8    -L  48 -    -,L48,Bödelestraße,RFB 1,2.681,2.717,Schwendebachbrücke,L048 002,1972,7.5,
bruecke,bruecke.624,8    -L  48 -    -,L48,Bödelestraße,RFB 1,6.928,6.987,Losentobelbrücke,L048 008,1987,7.5,
bruecke,bruecke.634,8    -L  48 -    -,L48,Bödelestraße,RFB 1,7.099,7.237,Rothenbachbrücke,L048 010,1987,7.5,
bruecke,bruecke.111,8    -L  49 -    -,L49,Achrainstraße,RFB 1,2.353,2.357,Halbseitiges Gewölbe,L049 009,1920,7.5,
bruecke,bruecke.325,8    -L  49 -    -,L49,Achrainstraße,RFB 1,9.268,9.275,Dorfbachbrücke,L049 008,1978,7.5,
bruecke,bruecke.455,8    -L  49 -    -,L49,Achrainstraße,RFB 1,1.525,1.553,Haselstauderbachbrücke,L049 003,1965,7.5,
bruecke,bruecke.566,8    -L  49 -    -,L49,Achrainstraße,RFB 1,7.708,7.718,Staudertobelbrücke,L049 007,1899,7.5,
bruecke,bruecke.617,8    -L  49 -    -,L49,Achrainstraße,RFB 1,6.444,6.454,Sägerbachbrücke,L049 005,1899,7.5,
bruecke,bruecke.160,8    -L   5 -    -,L5,Balderschwanger Straße,RFB 1,9.43,9.446,Doserbachbrücke (Grenze),L005 009,1988,7.5,
bruecke,bruecke.299,8    -L   5 -    -,L5,Balderschwanger Straße,RFB 1,4.68,4.784,Völkenbrücke,L005 001,1977,7.5,
bruecke,bruecke.23,8    -L  50 -    -,L50,Walgaustraße,RFB 1,15.082,15.145,Kirchbachdurchlass,L050 013,1975,6.5,
bruecke,bruecke.51,8    -L  50 -    -,L50,Walgaustraße,RFB 1,0.359,0.37,Emmebachbrücke,L050 001,2005,6.5,
bruecke,bruecke.73,8    -L  50 -    -,L50,Walgaustraße,RFB 1,22.068,22.285,Überdeckelung Schwarzbach (längs Gehsteig),L050 017,1996,6.5,
bruecke,bruecke.109,8    -L  50 -    -,L50,Walgaustraße,RFB 1,8.753,8.845,Überdeckung Nafla (teilweise Geh- u Radweg),L050 015,1945,6.5,
bruecke,bruecke.152,8    -L  50 -    -,L50,Walgaustraße,RFB 1,9.986,10.002,Naflabrücke,L050 006,1955,6.5,
bruecke,bruecke.216,8    -L  50 -    -,L50,Walgaustraße,RFB 1,18.065,18.079,Wiesenbachbrücke,L050 009,1979,6.5,
bruecke,bruecke.233,8    -L  50 -    -,L50,Walgaustraße,RFB 1,20.997,21.014,Zweite Schwarzbachbrücke,L050 011,1953,6.5,
bruecke,bruecke.256,8    -L  50 -    -,L50,Walgaustraße,RFB 1,8.845,8.858,"Durchlass Nafla Verlängerung (längs, Geh- und Radweg)",L050 015a,1993,6.5,
bruecke,bruecke.398,8    -L  50 -    -,L50,Walgaustraße,RFB 1,20.336,20.38,Erste Schwarzbachbrücke,L050 010,1953,6.5,
bruecke,bruecke.403,8    -L  50 -    -,L50,Walgaustraße,RFB 1,17.859,17.876,Vermülsbachbrücke (Frommengerschbach),L050 008,2014,6.5,
bruecke,bruecke.504,8    -L  50 -    -,L50,Walgaustraße,RFB 1,3.129,3.183,Klausbachbrücke,L050 002,1972,6.5,
bruecke,bruecke.520,8    -L  50 -    -,L50,Walgaustraße,RFB 1,14.793,14.805,Pfudidetschbachbrücke,L050 007,1999,6.5,
bruecke,bruecke.537,8    -L  50 -    -,L50,Walgaustraße,RFB 1,3.879,3.916,Ratzbachbrücke,L050 003,1986,6.5,
bruecke,bruecke.585,8    -L  50 -    -,L50,Walgaustraße,RFB 1,22.99,23.016,Dritte Schwarzbachbrücke,L050 012,1953,6.5,
bruecke,bruecke.593,8    -L  50 -    -,L50,Walgaustraße,RFB 1,6.573,6.642,Frutzbrücke,L050 004,1976,6.5,
bruecke,bruecke.661,8    -L  50 -    -,L50,Walgaustraße,RFB 1,8.443,8.457,"Naflakanal beim Gasthof Sternen (nur 1,50m der re RFB)",L050 015b,1954,6.5,
bruecke,bruecke.1,8    -L  51 -    -,L51,Laternser Straße,RFB 1,3.431,3.451,Histelerbrücke (Viedurchlass),L051 004,1907,6.5,
bruecke,bruecke.17,8    -L  51 -    -,L51,Laternser Straße,RFB 1,24.163,24.176,Armcodurchlass 2,L051 020,1969,6.5,
bruecke,bruecke.45,8    -L  51 -    -,L51,Laternser Straße,RFB 1,24.129,24.145,Armcodurchlass 1,L051 019,1969,6.5,
bruecke,bruecke.81,8    -L  51 -    -,L51,Laternser Straße,RFB 1,9.27,9.297,Gewölbedurchlass,L051 012,1972,6.5,
bruecke,bruecke.97,8    -L  51 -    -,L51,Laternser Straße,RFB 1,1.22,1.242,Batschunsertobelbrücke,L051 003,1907,6.5,
bruecke,bruecke.130,8    -L  51 -    -,L51,Laternser Straße,RFB 1,6.285,6.325,Grenztobelbrücke,L051 008,1969,6.5,
bruecke,bruecke.244,8    -L  51 -    -,L51,Laternser Straße,RFB 1,28.597,28.656,Ugabrücke,L051 023,1965,6.5,
bruecke,bruecke.259,8    -L  51 -    -,L51,Laternser Straße,RFB 1,8.458,8.484,Tiefenbachbrücke Baustellenumfahrung,L051 M010a,2019,6.5,
bruecke,bruecke.267,8    -L  51 -    -,L51,Laternser Straße,RFB 1,1.11,1.156,Frutzbrücke,L051 002,1947,6.5,
bruecke,bruecke.292,8    -L  51 -    -,L51,Laternser Straße,RFB 1,9.861,9.989,Sägetobelbrücke,L051 015,1973,6.5,
bruecke,bruecke.342,8    -L  51 -    -,L51,Laternser Straße,RFB 1,24.186,24.202,Armcodurchlass 3,L051 021,1969,6.5,
bruecke,bruecke.349,8    -L  51 -    -,L51,Laternser Straße,RFB 1,7.233,7.246,Kleine Brücke,L051 009,1978,6.5,
bruecke,bruecke.358,8    -L  51 -    -,L51,Laternser Straße,RFB 1,5.485,5.545,Wengtobeldurchlass,L051 006,1971,6.5,
bruecke,bruecke.374,8    -L  51 -    -,L51,Laternser Straße,RFB 1,13.409,13.477,Weberstobelbrücke,L051 017,1992,6.5,
bruecke,bruecke.471,8    -L  51 -    -,L51,Laternser Straße,RFB 1,9.736,9.834,Gläsertobelbrücke,L051 014,1973,6.5,
bruecke,bruecke.487,8    -L  51 -    -,L51,Laternser Straße,RFB 1,9.104,9.147,Hangbrücke,L051 011,1972,6.5,
bruecke,bruecke.499,8    -L  51 -    -,L51,Laternser Straße,RFB 1,25.421,25.454,Steinbachtobelbrücke,L051 022,1983,6.5,
bruecke,bruecke.549,8    -L  51 -    -,L51,Laternser Straße,RFB 1,27.955,27.961,Fussgängertunnel Hotel Adler,L051 024,2017,6.5,
bruecke,bruecke.559,8    -L  51 -    -,L51,Laternser Straße,RFB 1,15.038,15.076,Garnitzabachbrücke,L051 018,1978,6.5,
bruecke,bruecke.627,8    -L  51 -    -,L51,Laternser Straße,RFB 1,11.278,11.379,Schrägetobelbrücke,L051 016,1976,6.5,
bruecke,bruecke.653,8    -L  51 -    -,L51,Laternser Straße,RFB 1,4.598,4.666,Suldisbrücke,L051 005,1984,6.5,
bruecke,bruecke.664,8    -L  51 -    -,L51,Laternser Straße,RFB 1,9.519,9.614,Bärfallentobelbrücke,L051 013,1972,6.5,
bruecke,bruecke.670,8    -L  51 -    -,L51,Laternser Straße,RFB 1,1.084,1.108,Werkskanalbrücke (Triftkanal),L051 001,1947,6.5,
bruecke,bruecke.13,8    -L  52 -    -,L52,Meininger Straße,RFB 1,7.276,7.296,Geh- und Radwegbrücke über den Ehbach,L052 006a,1992,6.5,
bruecke,bruecke.113,8    -L  52 -    -,L52,Meininger Straße,RFB 1,7.522,7.658,Vorlandbrücke Meiningen,L052 007,1996,6.5,
bruecke,bruecke.174,8    -L  52 -    -,L52,Meininger Straße,RFB 1,3.457,3.478,Ehbachbrücke,L052 002,1994,6.5,
bruecke,bruecke.261,8    -L  52 -    -,L52,Meininger Straße,RFB 1,7.276,7.296,Ehbachbrücke 2,L052 006,1937,6.5,
bruecke,bruecke.391,8    -L  52 -    -,L52,Meininger Straße,RFB 1,5.88,5.89,Brunnenbachbrücke,L052 004,1920,6.5,
bruecke,bruecke.449,8    -L  52 -    -,L52,Meininger Straße,RFB 1,6.023,6.042,Oberdorferbachbrücke,L052 005,1951,6.5,
bruecke,bruecke.530,8    -L  52 -    -,L52,Meininger Straße,RFB 1,7.658,7.715,Rheinbrücke Meiningen - Oberriet (Grenze),L052 008,1963,6.5,
bruecke,bruecke.610,8    -L  52 -    -,L52,Meininger Straße,RFB 1,3.745,3.759,Förderbandtunnel Firma Hilti & Jehle,L052 009,1993,6.5,
bruecke,bruecke.124,8    -L  53 -    -,L53,Bangser Straße,RFB 1,6.282,6.308,Spiersbachbrücke,L053 003,2005,6.5,
bruecke,bruecke.145,8    -L  53 -    -,L53,Bangser Straße,RFB 1,0.629,0.686,Kapfbrücke,L053 001,1995,6.5,
bruecke,bruecke.319,8    -L  53 -    -,L53,Bangser Straße,RFB 1,0.095,0.116,Brücke über die Fidelisstraße,L053 005,1997,6.5,
bruecke,bruecke.551,8    -L  53 -    -,L53,Bangser Straße,RFB 1,0.602,0.629,Hämmerlekanalbrücke,L053 006,1995,6.5,
bruecke,bruecke.646,8    -L  53 -    -,L53,Bangser Straße,RFB 1,6.601,6.704,Rheinbrücke Feldkirch - Lienz (Grenze),L053 004,1967,6.5,
bruecke,bruecke.67,8    -L  54 -    -,L54,Jagdbergstaße,RFB 1,0.465,0.498,Aubachbrücke,L054 002,1989,6.5,
bruecke,bruecke.70,8    -L  54 -    -,L54,Jagdbergstaße,RFB 1,2.581,2.603,Pfudidetschbachbrücke,L054 003,2011,6.5,
bruecke,bruecke.209,8    -L  54 -    -,L54,Jagdbergstaße,RFB 1,12.238,12.331,Florbachbrücke,L054 007,1979,6.5,
bruecke,bruecke.228,8    -L  54 -    -,L54,Jagdbergstaße,RFB 1,7.263,7.279,Gafretschtobel / Montanastbachbrücke,L054 005,1976,6.5,
bruecke,bruecke.400,8    -L  54 -    -,L54,Jagdbergstaße,RFB 1,0.86,0.983,W2 Überführung der L54,A 14 109,1976,6.5,
bruecke,bruecke.421,8    -L  54 -    -,L54,Jagdbergstaße,RFB 1,7.3,7.32,Gafretschtobel / Schnifnerbachbrücke,L054 006,1976,6.5,
bruecke,bruecke.667,8    -L  54 -    -,L54,Jagdbergstaße,RFB 1,2.874,2.889,Kirchbachbrücke,L054 004,2011,6.5,
bruecke,bruecke.62,8    -L  55 -    -,L55,Koblacher Straße,RFB 1,7.514,7.607,Frutzbrücke,L055 004,1972,6.5,
bruecke,bruecke.75,8    -L  55 -    -,L55,Koblacher Straße,RFB 1,1.856,1.897,V71a Überführung der L55 über die Spur,A 14 069,1970,6.5,
bruecke,bruecke.138,8    -L  55 -    -,L55,Koblacher Straße,RFB 1,9.701,9.734,Ehbachbrücke,L055 005,1968,6.5,
bruecke,bruecke.312,8    -L  55 -    -,L55,Koblacher Straße,RFB 1,1.807,1.825,Gehwegunterführung Objekt V71c,L055 001,1971,6.5,
bruecke,bruecke.334,8    -L  55 -    -,L55,Koblacher Straße,RFB 1,5.939,5.98,Mühlbachbrücke,L055 003,1963,6.5,
bruecke,bruecke.366,8    -L  55 -    -,L55,Koblacher Straße,RFB 1,2.315,2.337,Egelseegrabenbrücke,L055 002,1961,6.5,
bruecke,bruecke.480,8    -L  55 -    -,L55,Koblacher Straße,RFB 1,1.109,1.226,Gillbachdurchlass,L055 006,1993,6.5,
bruecke,bruecke.579,8    -L  55 -    -,L55,Koblacher Straße,RFB 1,1.888,2.01,V71 Überführung der L55,A 14 068,1971,6.5,
bruecke,bruecke.601,8    -L  55 -    -,L55,Koblacher Straße,RFB 1,2.119,2.138,"Durchlass Querung Wasserverband Rheintal LW 2,20m",L055 007,1971,6.5,
bruecke,bruecke.640,8    -L  56 -    -,L56,Götzner Lastenstraße,RFB 1,1.837,1.863,Hopbachbrücke,L056 001,1977,6.5,
bruecke,bruecke.34,8    -L  58 -    -,L58,Mäderer Straße,RFB 1,6.063,6.115,Koblacherkanalbrücke,L058 004,1978,6.5,
bruecke,bruecke.89,8    -L  58 -    -,L58,Mäderer Straße,RFB 1,2.128,2.14,Emmebachbrücke,L058 002,1981,6.5,
bruecke,bruecke.92,8    -L  58 -    -,L58,Mäderer Straße,RFB 1,3.179,3.188,Egelseegrabenbrücke,L058 003,1992,6.5,
bruecke,bruecke.573,8    -L  58 -    -,L58,Mäderer Straße,RFB 1,6.22,6.328,Rheinbrücke Mäder - Krießern (Grenze),L058 005,1979,6.5,
bruecke,bruecke.649,8    -L  58 -    -,L58,Mäderer Straße,RFB 1,0.204,0.22,Tiefgaragentunnel,L058 006,2013,6.5,
bruecke,bruecke.4,8    -L  59 -    -,L59,Montlinger Straße,RFB 1,2.151,2.157,Gehsteigbrücke alter Mühlbach,L059 007,1975,6.5,
bruecke,bruecke.64,8    -L  59 -    -,L59,Montlinger Straße,RFB 1,2.822,2.833,Gehsteigbrücke links an Güllbachbrücke,L059 003b,1975,6.5,
bruecke,bruecke.168,8    -L  59 -    -,L59,Montlinger Straße,RFB 1,2.821,2.845,Güllbachbrücke,L059 003,1952,6.5,
bruecke,bruecke.200,8    -L  59 -    -,L59,Montlinger Straße,RFB 1,3.212,3.333,Rheinbrücke Koblach - Montlingen,L059 005,1967,6.5,
bruecke,bruecke.295,8    -L  59 -    -,L59,Montlinger Straße,RFB 1,2.032,2.041,Gehsteigbrücke Güllbachdurchlass,L059 006,1975,6.5,
bruecke,bruecke.306,8    -L  59 -    -,L59,Montlinger Straße,RFB 1,3.065,3.081,Koblacherkanalbrücke,L059 004,1955,6.5,
bruecke,bruecke.337,8    -L  59 -    -,L59,Montlinger Straße,RFB 1,0.362,0.381,V77b Kalkofenbachbrücke,L059 002,1971,6.5,
bruecke,bruecke.369,8    -L  59 -    -,L59,Montlinger Straße,RFB 1,0.514,0.575,V77 Überführung der L59,A 14 075,1971,6.5,
bruecke,bruecke.483,8    -L  59 -    -,L59,Montlinger Straße,RFB 1,2.822,2.833,Gehsteigbrücke rechts an Güllbachbrücke,L059 003a,1975,6.5,
bruecke,bruecke.59,8    -L  60 -    -,L60,Nofler Straße,RFB 1,4.541,4.548,Frickgrabenbrücke Liechtenstein (Grenze),L060 003,2001,6.5,
bruecke,bruecke.443,8    -L  60 -    -,L60,Nofler Straße,RFB 1,2.886,2.929,Hämmerlekanalbrücke,L060 001,1974,6.5,
bruecke,bruecke.466,8    -L  60 -    -,L60,Nofler Straße,RFB 1,2.929,2.991,Illbrücke,L060 002,1974,6.5,
bruecke,bruecke.636,8    -L  62 -    -,L62,Klauser Treietstraße,RFB 1,1.977,2.002,V79b Klausbachbrücke,L062 001,1971,6.5,
bruecke,bruecke.192,8    -L  64 -    -,L64,Rankweiler Straße,RFB 1,0.001,0.68,Nafla Längskanal,L064 001,1989,6.5,
bruecke,bruecke.203,8    -L  65 -    -,L65,Göfner Straße,RFB 1,0.503,0.566,Illbrücke Göfis,L065 001,1986,6.5,
bruecke,bruecke.545,8    -L  65 -    -,L65,Göfner Straße,RFB 1,0.566,0.59,Brücke über den Illdammweg,L065 002,1986,6.5,
bruecke,bruecke.604,8    -L  65 -    -,L65,Göfner Straße,RFB 1,0.585,0.613,Schildriedbachdurchlass,L065 003,1986,6.5,
bruecke,bruecke.577,8    -L  66 -    -,L66,Feldkircher Straße,RFB 1,0.08,0.11,Schattenburgtunnel ÖBB,L066 001,,6.5,
bruecke,bruecke.43,8    -L  66 -    -D,L66-D,Feldkircher Straße,RFB 1,0.178,0.186,Schattenburgtunnel ÖBB,L066 001,,6.5,
bruecke,bruecke.39,8    -L  67 -    -,L67,Gampelüner Straße,RFB 1,0.882,0.905,Saminabrücke,L067 001,1900,6.5,
bruecke,bruecke.436,8    -L  67 -    -,L67,Gampelüner Straße,RFB 1,4.974,5.021,Galinabachbrücke,L067 002,1990,6.5,
bruecke,bruecke.188,8    -L  69 -    -,L69,Fraxner Straße,RFB 1,0.094,0.112,Ratzbachbrücke,L069 001,1954,6.5,
bruecke,bruecke.463,8    -L  69 -    -,L69,Fraxner Straße,RFB 1,2.284,2.309,Wegdurchlass,L069 003,1972,6.5,
bruecke,bruecke.31,8    -L   7 -    -,L7,Schwarzachtobelstraße,RFB 1,0.667,0.7,Zehrerbrücke,L007 001,1974,6.5,
bruecke,bruecke.148,8    -L   7 -    -,L7,Schwarzachtobelstraße,RFB 1,1.82,1.837,Spargewölbe Stützmauer Pr 9 - 11,L007 006,1954,6.5,
bruecke,bruecke.225,8    -L   7 -    -,L7,Schwarzachtobelstraße,RFB 1,1.927,1.96,Gewölbedurchlass 1,L007 003,1839,6.5,
bruecke,bruecke.475,8    -L   7 -    -,L7,Schwarzachtobelstraße,RFB 1,1.731,1.79,Sehratobelbrücke,L007 002,1839,6.5,
bruecke,bruecke.495,8    -L  71 -    -,L71,Dafinser Straße,RFB 1,0.751,0.816,Frödischbachbrücke (Wannenbrücke),L071 001,1992,6.5,
bruecke,bruecke.275,8    -L  72 -    -,L72,Muntlixer Straße,RFB 1,0.423,0.475,Frödischbachbrücke,L072 001,1991,6.5,
bruecke,bruecke.53,8    -L  73 -    -,L73,Übersaxner Straße,RFB 1,2.889,3.102,Rainbergbrücke,L073 002,1979,6.5,
bruecke,bruecke.114,8    -L  73 -    -,L73,Übersaxner Straße,RFB 1,10.472,10.505,Montanastbachbrücke,L073 003,2001,6.5,
bruecke,bruecke.154,8    -L  73 -    -,L73,Übersaxner Straße,RFB 1,15.176,15.189,Dorfbrücke über den Montanastbach,L073 006,1962,6.5,
bruecke,bruecke.182,8    -L  73 -    -,L73,Übersaxner Straße,RFB 1,11.628,11.705,Schnifnertobelbrücke,L073 004,1984,6.5,
bruecke,bruecke.539,8    -L  73 -    -,L73,Übersaxner Straße,RFB 1,14.255,14.266,Schnifisbachbrücke,L073 005,1990,6.5,
bruecke,bruecke.595,8    -L  73 -    -,L73,Übersaxner Straße,RFB 1,2.818,2.827,Übleschluchtwegdurchlass,L073 001,1979,6.5,
bruecke,bruecke.162,8    -L  74 -    -,L74,Schlinser Straße,RFB 1,0.373,0.494,W7/8 Überführung der L74,A 14 114,1976,6.5,
bruecke,bruecke.351,8    -L  74 -    -,L74,Schlinser Straße,RFB 1,0.903,0.917,Giessenbachbrücke,L074 003,1920,6.5,
bruecke,bruecke.672,8    -L  74 -    -,L74,Schlinser Straße,RFB 1,0.886,0.9,Alte Fabrikskanalbrücke,L074 002,1901,6.5,
bruecke,bruecke.360,8    -L   8 -    -,L8,Oberhochstegstraße,RFB 1,0.752,0.78,Bergerbachbrücke 1,L008 001,1969,6.5,
bruecke,bruecke.438,8    -L   8 -    -,L8,Oberhochstegstraße,RFB 1,0.935,1.09,Bergerbachbrücke 2,L008 002,1974,6.5,
bruecke,bruecke.619,8    -L   8 -    -,L8,Oberhochstegstraße,RFB 1,1.582,1.588,Mühlbachbrücke,L008 003,1988,6.5,
bruecke,bruecke.105,8    -L  81 -    -,L81,Bürser Straße,RFB 1,0.146,0.206,Illbrücke Nüziders,L081 002,1995,6.5,
bruecke,bruecke.327,8    -L  81 -    -,L81,Bürser Straße,RFB 1,0.206,0.225,Brücke über den linksufrigen Weg,L081 004,1995,6.5,
bruecke,bruecke.512,8    -L  81 -    -,L81,Bürser Straße,RFB 1,0.132,0.146,Brücke über den rechtsufrigen Weg,L081 001,1995,6.5,
bruecke,bruecke.9,8    -L  82 -    -,L82,Brandner Straße,RFB 1,9.684,9.733,Schliefwaldtobelbrücke,L082 014,1996,6.5,
bruecke,bruecke.25,8    -L  82 -    -,L82,Brandner Straße,RFB 1,8.009,8.044,Leuegrabenbrücke,L082 007,1986,6.5,
bruecke,bruecke.83,8    -L  82 -    -,L82,Brandner Straße,RFB 1,0.309,0.321,Wirtschaftswegdurchlass,L082 002a,1975,6.5,
bruecke,bruecke.218,8    -L  82 -    -,L82,Brandner Straße,RFB 1,6.442,6.498,Töbelebrücke,L082 004,1983,6.5,
bruecke,bruecke.252,8    -L  82 -    -,L82,Brandner Straße,RFB 1,8.585,8.659,Daleubrücke,L082 012,1985,6.5,
bruecke,bruecke.269,8    -L  82 -    -,L82,Brandner Straße,RFB 1,8.084,8.129,Rappentobelbrücke,L082 008,1986,6.5,
bruecke,bruecke.282,8    -L  82 -    -,L82,Brandner Straße,RFB 1,11.154,11.17,Gastatobelbrücke,L082 015,1998,6.5,
bruecke,bruecke.301,8    -L  82 -    -,L82,Brandner Straße,RFB 1,0.003,0.048,Brunnenbachbrücke,L082 001,1975,6.5,
bruecke,bruecke.383,8    -L  82 -    -,L82,Brandner Straße,RFB 1,8.143,8.215,Hangbrücke,L082 009,1986,6.5,
bruecke,bruecke.414,8    -L  82 -    -,L82,Brandner Straße,RFB 1,0.063,0.309,Brücke über die ÖBB und Ill,L082 002,1975,6.5,
bruecke,bruecke.430,8    -L  82 -    -,L82,Brandner Straße,RFB 1,7.933,7.955,Grenzgrabenbrücke,L082 006,1986,6.5,
bruecke,bruecke.451,8    -L  82 -    -,L82,Brandner Straße,RFB 1,12.339,12.348,Illwerkebrücke (Palüdbach),L082 016,,6.5,
bruecke,bruecke.457,8    -L  82 -    -,L82,Brandner Straße,RFB 1,8.45,8.484,Marktobelbrücke,L082 011,1986,6.5,
bruecke,bruecke.489,8    -L  82 -    -,L82,Brandner Straße,RFB 1,0.472,0.542,W35 Überführung der L82,A 14 136,1969,6.5,
bruecke,bruecke.522,8    -L  82 -    -,L82,Brandner Straße,RFB 1,9.205,9.276,Galaverdabrücke,L082 013,1987,6.5,
bruecke,bruecke.568,8    -L  82 -    -,L82,Brandner Straße,RFB 1,8.238,8.285,Leuetobelbrücke,L082 010,1986,6.5,
bruecke,bruecke.587,8    -L  82 -    -,L82,Brandner Straße,RFB 1,7.761,7.799,Staudenbrücke,L082 005,1986,6.5,
bruecke,bruecke.655,8    -L  82 -    -,L82,Brandner Straße,RFB 1,1.431,1.445,Alvierbachbrücke,L082 003,1997,6.5,
bruecke,bruecke.47,8    -L  83 -    -,L83,Vandanser Straße,RFB 1,1.125,1.149,Rellsbachbrücke,L083 002,1952,6.5,
bruecke,bruecke.235,8    -L  83 -    -,L83,Vandanser Straße,RFB 1,2.842,2.9,Illbrücke Kaltenbrunnen,L083 005,2006,6.5,
bruecke,bruecke.393,8    -L  83 -    -,L83,Vandanser Straße,RFB 1,1.944,1.98,Stauseebrücke,L083 004,1950,6.5,
bruecke,bruecke.408,8    -L  83 -    -,L83,Vandanser Straße,RFB 1,1.229,1.242,Auenlatschbrücke,L083 003,1952,6.5,
bruecke,bruecke.423,8    -L  83 -    -,L83,Vandanser Straße,RFB 1,0.153,0.194,Illbrücke Vandans,L083 001,1959,6.5,
bruecke,bruecke.482,8    -L  84 -    -,L84,Zelfastraße,RFB 1,0.049,0.096,Illbrücke Tschagguns,L084 001,1940,6.5,
bruecke,bruecke.321,8    -L  86 -    -,L86,Galgenuler Straße,RFB 1,0.915,0.943,Suggadinbachbrücke,L086 002,1977,6.5,
bruecke,bruecke.376,8    -L  86 -    -,L86,Galgenuler Straße,RFB 1,0.556,0.611,Illbrücke,L086 001,1977,6.5,
bruecke,bruecke.69,8    -L  87 -    -,L87,Gaiser Straße,RFB 1,0.715,0.8,W10 Überführung der L87,A 14 117,1981,6.5,
bruecke,bruecke.77,8    -L  87 -    -,L87,Gaiser Straße,RFB 1,1.01,1.059,Daboladabrücke  W12,L087 003,1980,6.5,
bruecke,bruecke.99,8    -L  87 -    -,L87,Gaiser Straße,RFB 1,0.556,0.606,Brücke über die  Ill  W11,L087 002,1980,6.5,
bruecke,bruecke.147,8    -L  87 -    -,L87,Gaiser Straße,RFB 1,0.995,1.007,Radwegunterführung,L087 005,1991,6.5,
bruecke,bruecke.222,8    -L  87 -    -,L87,Gaiser Straße,RFB 1,1.337,1.364,Erste Schwarzbachbrücke,L050 010,1982,6.5,
bruecke,bruecke.553,8    -L  87 -    -,L87,Gaiser Straße,RFB 1,0.606,0.622,Brücke über den Wirtschaftsweg W11a,L087 006,1980,6.5,
bruecke,bruecke.3,8    -L  88 -    -,L88,Raggaler Straße,RFB 1,4.6,4.64,Falazerabachbrücke,L088 004,2008,6.5,
bruecke,bruecke.19,8    -L  88 -    -,L88,Raggaler Straße,RFB 1,7.399,7.784,Talübergang Marul,L088 006,1983,6.5,
bruecke,bruecke.132,8    -L  88 -    -,L88,Raggaler Straße,RFB 1,6.779,6.813,Sägebachdurchlass,L088 005,1981,6.5,
bruecke,bruecke.176,8    -L  88 -    -,L88,Raggaler Straße,RFB 1,8.097,8.161,Plazerabrücke 1,L088 007,1979,6.5,
bruecke,bruecke.294,8    -L  88 -    -,L88,Raggaler Straße,RFB 1,10.986,11.02,Lutzbrücke bei Garsella,L088 010,1951,6.5,
bruecke,bruecke.314,8    -L  88 -    -,L88,Raggaler Straße,RFB 1,10.197,10.222,Grenztobelbrücke,L088 009,2000,6.5,
bruecke,bruecke.506,8    -L  88 -    -,L88,Raggaler Straße,RFB 1,8.21,8.287,Plazerabrücke 2,L088 008,1979,6.5,
bruecke,bruecke.211,8    -L   9 -    -,L9,Rucksteigstraße,RFB 1,1.383,1.61,Hangbrücke,L009 001,1975,6,
bruecke,bruecke.246,8    -L  90 -    -,L90,Buchbodener Straße,RFB 1,0.476,0.565,Seebergtobelbrücke,L090 002,1975,6,
bruecke,bruecke.516,8    -L  90 -    -,L90,Buchbodener Straße,RFB 1,2.296,2.33,Grenztobelbrücke,L090 003,1991,6,
bruecke,bruecke.648,8    -L  90 -    -,L90,Buchbodener Straße,RFB 1,0.176,0.186,Buchholzgrabendurchlass,L090 001,1975,6,
bruecke,bruecke.344,8    -L  91 -    -,L91,Nüziderser Straße,RFB 1,0.835,0.863,Galgentobelbrücke,L091 001,2004,6,
bruecke,bruecke.561,8    -L  91 -    -,L91,Nüziderser Straße,RFB 1,2.821,3.193,Mühlbachdurchlass,L091 002,1992,6,
bruecke,bruecke.156,8    -L  92 -    -,L92,Stallehrer Straße,RFB 1,0.374,0.402,Alfenzbrücke,L092 001,1891,6,
bruecke,bruecke.612,8    -L  92 -    -,L92,Stallehrer Straße,RFB 1,0.326,0.361,Überführung L92,S16 021,1972,6,
bruecke,bruecke.204,8    -L  94 -    -,L94,Bartholomäberger Straße,RFB 1,10.804,10.816,Muttatobelbrücke,L094 007,1945,6,
bruecke,bruecke.263,8    -L  94 -    -,L94,Bartholomäberger Straße,RFB 1,4.291,4.332,Fritzentobelbrücke,L094 004,2002,6,
bruecke,bruecke.532,8    -L  94 -    -,L94,Bartholomäberger Straße,RFB 1,8.09,8.157,Ganttobelbrücke,L094 006,1983,6,
bruecke,bruecke.581,8    -L  94 -    -,L94,Bartholomäberger Straße,RFB 1,0.798,0.827,Regenzombrücke,L094 002,1998,6,
bruecke,bruecke.629,8    -L  94 -    -,L94,Bartholomäberger Straße,RFB 1,7.716,7.732,Tschannatobelbrücke,L094 005,2002,6,
bruecke,bruecke.666,8    -L  94 -    -,L94,Bartholomäberger Straße,RFB 1,2.688,2.799,Grappatobelbrücke,L094 003,1983,6,
bruecke,bruecke.35,8    -L  95 -    -,L95,Silbertaler Straße,RFB 1,5.119,5.13,Kuenzentobelbrücke,L095 007,1961,6,
bruecke,bruecke.36,8    -L  95 -    -,L95,Silbertaler Straße,RFB 1,3.017,3.1,Litzbrücke in der Höll,L095 004,2016,6,
bruecke,bruecke.229,8    -L  95 -    -,L95,Silbertaler Straße,RFB 1,1.978,2.739,Hangbrücke 1,L095 002,1975,6,
bruecke,bruecke.240,8    -L  95 -    -,L95,Silbertaler Straße,RFB 1,5.966,5.977,Mesmertobelbrücke,L095 008,1961,6,
bruecke,bruecke.278,8    -L  95 -    -,L95,Silbertaler Straße,RFB 1,1.135,1.157,Litzbrücke,L095 001,2004,6,
bruecke,bruecke.309,8    -L  95 -    -,L95,Silbertaler Straße,RFB 1,6.405,6.421,Endbachbrücke,L095 009,1961,6,
bruecke,bruecke.338,8    -L  95 -    -,L95,Silbertaler Straße,RFB 1,4.426,4.447,Hofstattbrücke,L095 006,1964,6,
bruecke,bruecke.387,8    -L  95 -    -,L95,Silbertaler Straße,RFB 1,3.555,3.567,Wasserstallbrücke,L095 005,1964,6,
bruecke,bruecke.467,8    -L  95 -    -,L95,Silbertaler Straße,RFB 1,1.391,1.541,Spargewölbemauer (Gehsteig),L095 011,1990,6,
bruecke,bruecke.476,8    -L  95 -    -,L95,Silbertaler Straße,RFB 1,2.78,2.833,Hangbrücke 2,L095 003,1975,6,
bruecke,bruecke.555,8    -L  95 -    -,L95,Silbertaler Straße,RFB 1,5.468,5.475,Feschatobelbrücke,L095 012,2005,6,
bruecke,bruecke.556,8    -L  95 -    -,L95,Silbertaler Straße,RFB 1,1.05,1.076,Privatzugang u Kellerdecke Dönz Prof 56-59,L095 013,,6,
bruecke,bruecke.12,8    -L  97 -    -,L97,Klostertaler Straße,RFB 1,15.752,15.78,Radonatobelbrücke,L097 014,2008,6,
bruecke,bruecke.42,8    -L  97 -    -,L97,Klostertaler Straße,RFB 1,15.076,15.109,Langbrücke,L097 013,1999,6,
bruecke,bruecke.63,8    -L  97 -    -,L97,Klostertaler Straße,RFB 1,11.629,11.637,Schmiedetobeldurchlass (und Betriebsumkehr S16),S16 002,1979,6,
bruecke,bruecke.93,8    -L  97 -    -,L97,Klostertaler Straße,RFB 1,8.169,8.211,Alfenzbrücke Gavril,L097 023,1971,6,
bruecke,bruecke.108,8    -L  97 -    -,L97,Klostertaler Straße,RFB 1,3.237,3.285,Spannerbachbrücke (Grubsertobelbach),L097 002,1931,6,
bruecke,bruecke.126,8    -L  97 -    -,L97,Klostertaler Straße,RFB 1,17.759,17.782,Glongtobelbrücke DW15,L097 015,1980,6,
bruecke,bruecke.141,8    -L  97 -    -,L97,Klostertaler Straße,RFB 1,10.472,10.508,Alfenzbrücke,L097 019,1995,6,
bruecke,bruecke.171,8    -L  97 -    -,L97,Klostertaler Straße,RFB 1,12.433,12.451,Rotrüfetobelbrücke,L097 008,1996,6,
bruecke,bruecke.286,8    -L  97 -    -,L97,Klostertaler Straße,RFB 1,8.119,8.169,Anschlussbauwerk Braz Ost,S16 008,1970,6,
bruecke,bruecke.370,8    -L  97 -    -,L97,Klostertaler Straße,RFB 1,12.964,12.969,Winkeltobelbrücke,L097 009,1954,6,
bruecke,bruecke.402,8    -L  97 -    -,L97,Klostertaler Straße,RFB 1,18.529,18.553,Spreubachbrücke,L097 016,2003,6,
bruecke,bruecke.417,8    -L  97 -    -,L97,Klostertaler Straße,RFB 1,13.136,13.142,Herrentobelbrücke,L097 010,1954,6,
bruecke,bruecke.446,8    -L  97 -    -,L97,Klostertaler Straße,RFB 1,14.593,14.599,Klemmebachbrücke,L097 011,1954,6,
bruecke,bruecke.500,8    -L  97 -    -,L97,Klostertaler Straße,RFB 1,5.605,5.624,Mühletobelbrücke,L097 004,1976,6,
bruecke,bruecke.548,8    -L  97 -    -,L97,Klostertaler Straße,RFB 1,6.802,6.826,Masonbachbrücke,L097 005,1976,6,
bruecke,bruecke.576,8    -L  97 -    -,L97,Klostertaler Straße,RFB 1,4.611,4.633,Almeintobelbrücke,L097 003,2000,6,
bruecke,bruecke.606,8    -L  97 -    -,L97,Klostertaler Straße,RFB 1,9.603,9.64,Brücke über den Wirtschaftsweg 4,S16 005,1996,6,
bruecke,bruecke.642,8    -L  97 -    -,L97,Klostertaler Straße,RFB 1,21.368,21.381,Wäldlebachbrücke,L097 018,1955,6,
bruecke,bruecke.660,8    -L  97 -    -,L97,Klostertaler Straße,RFB 1,11.905,11.934,Kleine Engelbrücke,L097 007,2007,6,
bruecke,bruecke.118,8    -P 188 -    -,P188,Silvretta Hochalpenstraße (Illwerke),RFB 1,0,0,Illbrücke,P188 005,,7.5,
bruecke,bruecke.185,8    -P 188 -    -,P188,Silvretta Hochalpenstraße (Illwerke),RFB 1,0,0,Illbrücke,P188 003,,7.5,
bruecke,bruecke.355,8    -P 188 -    -,P188,Silvretta Hochalpenstraße (Illwerke),RFB 1,0,0,Illbrücke,P188 002,,7.5,
bruecke,bruecke.623,8    -P 188 -    -,P188,Silvretta Hochalpenstraße (Illwerke),RFB 1,0,0,Illbrücke,P188 004,,7.5,
bruecke,bruecke.633,8    -P 188 -    -,P188,Silvretta Hochalpenstraße (Illwerke),RFB 1,0,0,Illbrücke,P188 001,,7.5,
bruecke,bruecke.526,8    -P  82 -    -,P82,Lünersee Straße (Illwerke),RFB 1,0,0.009,Illwerkebrücke (Palüdbach),L082 016,,7.5,
galerie,galerie.8,8    -L 193 -    -,L193,Faschinastraße,RFB 1,26.629,27.783,Hahnenköpflegalerie,B193 G01,1985,,5.8
galerie,galerie.45,8    -L 197 -    -,L197,Arlbergstraße,RFB 1,17.134,17.917,Ralegg - Galerie,B197 G01,1995,,5.8
galerie,galerie.46,8    -L 198 -    -,L198,Lechtalstraße,RFB 1,1.21,1.248,Verwehungs - Holzgalerie,B198 G02,1939,,5.8
galerie,galerie.2,8    -L 198 -    -,L198,Lechtalstraße,RFB 1,1.706,1.764,Steinbruchgalerie,B198 G06,1999,,5.8
galerie,galerie.6,8    -L 198 -    -,L198,Lechtalstraße,RFB 1,2.048,2.092,Hölltobel Lawinengalerie,B198 G09,2009,,5.8
galerie,galerie.9,8    -L 198 -    -,L198,Lechtalstraße,RFB 1,1.518,1.706,Galerie Große Dohle,B198 G05,2005,,5.8
galerie,galerie.11,8    -L 198 -    -,L198,Lechtalstraße,RFB 1,2.092,2.131,Hölltobelgalerie Verlängerung 1981,B198 G09a,1981,,5.8
galerie,galerie.14,8    -L 198 -    -,L198,Lechtalstraße,RFB 1,1.034,1.172,Leerle Holzgalerie,B198 G01,1934,,5.8
galerie,galerie.22,8    -L 198 -    -,L198,Lechtalstraße,RFB 1,6.413,7.843,Monzabongalerie,B198 G17,1975,,5.8
galerie,galerie.24,8    -L 198 -    -,L198,Lechtalstraße,RFB 1,2.537,2.585,Gafeli Galerie Verlängerung,B198 G16,1986,,5.8
galerie,galerie.26,8    -L 198 -    -,L198,Lechtalstraße,RFB 1,2.357,2.371,Flexentor Naturstein,B198 G12,1964,,5.8
galerie,galerie.27,8    -L 198 -    -,L198,Lechtalstraße,RFB 1,2.271,2.301,Steinschlaggalerie Gafeli,B198 G11,1970,,5.8
galerie,galerie.28,8    -L 198 -    -,L198,Lechtalstraße,RFB 1,2.47,2.537,Gafeli Tunnelgalerie,B198 G15,1970,,5.8
galerie,galerie.30,8    -L 198 -    -,L198,Lechtalstraße,RFB 1,2.168,2.271,Galerie Weißer Tunnel,B198 G10,1980,,5.8
galerie,galerie.31,8    -L 198 -    -,L198,Lechtalstraße,RFB 1,2.395,2.425,Flexentorgalerie,B198 G13,1965,,5.8
galerie,galerie.33,8    -L 198 -    -,L198,Lechtalstraße,RFB 1,1.248,1.355,Holzgalerie Hohe Seite,B198 G03,1988,,5.8
galerie,galerie.38,8    -L 198 -    -,L198,Lechtalstraße,RFB 1,1.355,1.518,Tunnelgalerie Hohe Seite,B198 G04,1952,,5.8
galerie,galerie.40,8    -L 198 -    -,L198,Lechtalstraße,RFB 1,1.854,2.003,Höllwandgalerie,B198 G08,2007,,5.8
galerie,galerie.41,8    -L 198 -    -,L198,Lechtalstraße,RFB 1,2.431,2.47,Gafeli Galerie,B198 G14,1972,,5.8
galerie,galerie.5,8    -L   2 -    -,L2,Langener Straße,RFB 1,6.259,6.338,Steinschlaggalerie,L002 G01,1971,,7.8
galerie,galerie.1,8    -L 200 -    -,L200,Bregenzerwaldstraße,RFB 1,40.543,40.605,Galerie Fluhfelsen - Verlängerung 1987,B200 G02a,1987,,6
galerie,galerie.3,8    -L 200 -    -,L200,Bregenzerwaldstraße,RFB 1,49.816,49.892,Riesegalerie Verlängerung,B200 G04,1984,,8
galerie,galerie.4,8    -L 200 -    -,L200,Bregenzerwaldstraße,RFB 1,50.616,50.721,Schrofengalerie,B200 G06,1963,,7
galerie,galerie.7,8    -L 200 -    -,L200,Bregenzerwaldstraße,RFB 1,61.548,61.772,Lärchengalerie Verlängerung,B200 G18,1989,,7
galerie,galerie.10,8    -L 200 -    -,L200,Bregenzerwaldstraße,RFB 1,29.118,29.392,Klauserwald Galerie,B200 G01,1980,,7
galerie,galerie.15,8    -L 200 -    -,L200,Bregenzerwaldstraße,RFB 1,60.977,61.371,Holzbodengalerie,B200 G09,1977,,7
galerie,galerie.17,8    -L 200 -    -,L200,Bregenzerwaldstraße,RFB 1,51.367,51.44,Immaschmiedlerloch,B200 G08,1971,,7
galerie,galerie.18,8    -L 200 -    -,L200,Bregenzerwaldstraße,RFB 1,49.689,49.816,Riesegalerie,B200 G03,1979,,7
galerie,galerie.19,8    -L 200 -    -,L200,Bregenzerwaldstraße,RFB 1,50.462,50.509,Schrofengalerie Verlängerung Nord,B200 G13,2000,,7
galerie,galerie.20,8    -L 200 -    -,L200,Bregenzerwaldstraße,RFB 1,61.474,61.548,Lärchengalerie,B200 G10,1977,,10
galerie,galerie.21,8    -L 200 -    -,L200,Bregenzerwaldstraße,RFB 1,40.343,40.543,Galerie Fluhfelsen,B200 G02,1968,,4
galerie,galerie.29,8    -L 200 -    -,L200,Bregenzerwaldstraße,RFB 1,61.908,62.131,Birkengalerie,B200 G12,1968,,10
galerie,galerie.32,8    -L 200 -    -,L200,Bregenzerwaldstraße,RFB 1,61.772,61.908,Töbelegalerie,B200 G11,1977,,10
galerie,galerie.34,8    -L 200 -    -,L200,Bregenzerwaldstraße,RFB 1,51.28,51.367,Plattensteg Lawinengalerie,B200 G15,2000,,8
galerie,galerie.36,8    -L 200 -    -,L200,Bregenzerwaldstraße,RFB 1,50.721,50.82,Schrofengalerie Verlängerung Süd,B200 G14,2000,,8
galerie,galerie.39,8    -L 200 -    -,L200,Bregenzerwaldstraße,RFB 1,50.981,51.204,Alter Stall,B200 G07,1969,,8
galerie,galerie.42,8    -L 200 -    -,L200,Bregenzerwaldstraße,RFB 1,49.892,49.98,Hummelwaldgalerie,B200 G05,1979,,8
galerie,galerie.43,8    -L 200 -    -,L200,Bregenzerwaldstraße,RFB 1,51.567,51.701,Sulztobel Lawinengalerie,B200 G16,2001,,10
galerie,galerie.44,8    -L 200 -    -,L200,Bregenzerwaldstraße,RFB 1,61.371,61.474,Holzbodengalerie Verlängerung,B200 G17,1989,,10
galerie,galerie.37,8    -L 201 -    -,L201,Kleinwalsertalstraße,RFB 1,11.799,11.868,Galerie Baad,B201 G01,1974,,4
galerie,galerie.25,8    -L  51 -    -,L51,Laternser Straße,RFB 1,4.895,5.003,Galerie Schwarze Rüfe,L051 G01,1981,,4
galerie,galerie.16,8    -L   7 -    -,L7,Schwarzachtobelstraße,RFB 1,1.293,1.337,Galerie Kreuzfelsen,L007 G01,1971,,3
galerie,galerie.12,8    -L  82 -    -,L82,Brandner Straße,RFB 1,8.85,9.067,Daleugalerie,L082 G01,1987,,3
galerie,galerie.13,8    -L  90 -    -,L90,Buchbodener Straße,RFB 1,1.186,1.405,Galerie Schwarze Dohle,L090 G01,1984,,6
galerie,galerie.23,8    -L  97 -    -,L97,Klostertaler Straße,RFB 1,22.392,22.605,Großtobelgalerie Abschnitt 2 Ost,L097 G02,1977,,6
galerie,galerie.35,8    -L  97 -    -,L97,Klostertaler Straße,RFB 1,22.029,22.191,Großtobelgalerie Abschnitt 1 West,L097 G01,1978,,6
tunnel,tunnel.13,8    -L  14 -    -,L14,Bucher Straße,RFB 1,2.46,2.512,Ippachtunnel,L014 T01,1978,,
tunnel,tunnel.12,8    -L 188 -    -,L188,Montafoner Straße,RFB 1,70.544,70.775,Gortnieltunnel,B188 T01,1988,,
tunnel,tunnel.28,8    -L 188 -    -,L188,Montafoner Straße,RFB 1,59.207,59.773,Tschambreutunnel,B188 T03,2006,,
tunnel,tunnel.36,8    -L 188 -    -,L188,Montafoner Straße,RFB 1,70.942,71.5,Maurentobeltunnel,B188 T02,1988,,
tunnel,tunnel.2,8    -L 190 -    -,L190,Vorarlberger Straße,RFB 1,23.211,23.358,Schattenburgtunnel,B190 T01,1975,,
tunnel,tunnel.18,8    -L 193 -    -,L193,Faschinastraße,RFB 1,25.127,25.578,Stutztobeltunnel,B193 T01,1996,,
tunnel,tunnel.19,8    -L 193 -    -,L193,Faschinastraße,RFB 1,27.783,28.022,Hahnenköpflegalerie - Tunnelabschnitt,B193 T02,1984,,
tunnel,tunnel.6,8    -L 197 -    -,L197,Arlbergstraße,RFB 1,17.918,18.94,Passürtunnel,B197 T01,1996,,
tunnel,tunnel.31,8    -L 197 -    -,L197,Arlbergstraße,RFB 1,19.647,19.784,Fuchslochtunnel,B197 T02,1999,,
tunnel,tunnel.10,8    -L 198 -    -,L198,Lechtalstraße,RFB 1,1.172,1.21,Leerle Tunnel,B198 T01,2008,,
tunnel,tunnel.16,8    -L 198 -    -,L198,Lechtalstraße,RFB 1,2.425,2.431,Flexentortunnel 2,B198 T06,1965,,
tunnel,tunnel.17,8    -L 198 -    -,L198,Lechtalstraße,RFB 1,8.082,8.4,Schafalptobeltunnel,B198 T07,1975,,
tunnel,tunnel.21,8    -L 198 -    -,L198,Lechtalstraße,RFB 1,2.131,2.168,Weißer Tunnel Spritzbeton,B198 T04,1939,,
tunnel,tunnel.22,8    -L 198 -    -,L198,Lechtalstraße,RFB 1,2.003,2.048,Hölltobeltunnel,B198 T03,1939,,
tunnel,tunnel.25,8    -L 198 -    -,L198,Lechtalstraße,RFB 1,1.764,1.854,Steinbruchtunnel,B198 T02,1937,,
tunnel,tunnel.26,8    -L 198 -    -,L198,Lechtalstraße,RFB 1,2.371,2.395,Flexentortunnel 1,B198 T05,1941,,
tunnel,tunnel.20,8    -L   2 -    -,L2,Langener Straße,RFB 1,7.077,7.24,Wirtatobeltunnel,L002 T01,1963,,
tunnel,tunnel.1,8    -L 200 -    -,L200,Bregenzerwaldstraße,RFB 1,51.701,52.053,Sulztobeltunnel,B200 T03,1984,,
tunnel,tunnel.3,8    -L 200 -    -,L200,Bregenzerwaldstraße,RFB 1,50.509,50.618,Schrofentunnel,B200 T02,1959,,
tunnel,tunnel.4,8    -L 200 -    -,L200,Bregenzerwaldstraße,RFB 1,54.986,55.01,Bliesetunnel,B200 T05,1988,,
tunnel,tunnel.9,8    -L 200 -    -,L200,Bregenzerwaldstraße,RFB 1,37.367,38.207,Schnepfauer Tunnel,B200 T08,2001,,
tunnel,tunnel.14,8    -L 200 -    -,L200,Bregenzerwaldstraße,RFB 1,45.514,45.655,Himmelriesetunnel,B200 T01,1959,,
tunnel,tunnel.24,8    -L 200 -    -,L200,Bregenzerwaldstraße,RFB 1,1.97,5.317,Achraintunnel,B200 T09,2007,,
tunnel,tunnel.27,8    -L 200 -    -,L200,Bregenzerwaldstraße,RFB 1,53.889,53.982,Litzetobeltunnel,B200 T04,1987,,
tunnel,tunnel.33,8    -L 200 -    -,L200,Bregenzerwaldstraße,RFB 1,60.807,60.977,Holzbodentunnel,B200 T06,1995,,
tunnel,tunnel.15,8    -L 200 -    -D,L200-D,Bregenzerwaldstraße,RFB 1,20.777,20.89,Tunnel Bühel,B200 T10,2016,,
tunnel,tunnel.11,8    -L  51 -    -,L51,Laternser Straße,RFB 1,4.676,4.895,Blankentunnel,L051 T02,1986,,
tunnel,tunnel.29,8    -L  51 -    -,L51,Laternser Straße,RFB 1,5.003,5.229,Schwarze Rüfe Tunnel,L051 T03,1952,,
tunnel,tunnel.35,8    -L  51 -    -,L51,Laternser Straße,RFB 1,4.104,4.592,Suldistunnel,L051 T01,1985,,
tunnel,tunnel.7,8    -L  53 -    -,L53,Bangser Straße,RFB 1,0.119,0.518,Ardetzenbergtunnel,L053 T01,1997,,
tunnel,tunnel.5,8    -L   7 -    -,L7,Schwarzachtobelstraße,RFB 1,1.337,1.413,Schwarzachtobeltunnel,L007 T01,1953,,
tunnel,tunnel.30,8    -L  82 -    -,L82,Brandner Straße,RFB 1,6.698,6.96,Tschapinatunnel,L082 T01,1991,,
tunnel,tunnel.8,8    -L  87 -    -,L87,Gaiser Straße,RFB 1,0.17,0.445,Nenzinger Tunnel,L087 T01,1996,,
tunnel,tunnel.23,8    -L  97 -    -,L97,Klostertaler Straße,RFB 1,22.191,22.392,Großtobeltunnel,L097 T02,1977,,
tunnel,tunnel.32,8    -L  97 -    -,L97,Klostertaler Straße,RFB 1,17.161,17.266,Stelzistobeltunnel,L097 T01,1981,,
tunnel,tunnel.34,8    -L  97 -    -,L97,Klostertaler Straße,RFB 1,8.475,8.836,Gasteltobeltunnel,L097 T03,2003,,
unterfuehrung,unterfuehrung.15,8    -L  11 -    -,L11,Eichenberger Straße,RFB 1,5.546,5.556,Überführung Wirtschaftsgebäudezufahrt,L011 U01,,,
unterfuehrung,unterfuehrung.59,8    -L  13 -    -,L13,Kennelbacher Straße,RFB 1,0.689,0.709,V20R Überführung der A14 RFB Arlberg,A 14 011 R,1963,,
unterfuehrung,unterfuehrung.69,8    -L  13 -    -,L13,Kennelbacher Straße,RFB 1,0.568,0.6,V21c Überführung der Spur 1000 über die L13,A 14 017,1996,,
unterfuehrung,unterfuehrung.72,8    -L  13 -    -,L13,Kennelbacher Straße,RFB 1,0.717,0.735,V20L Überführung der A14 RFB Deutschland,A 14 011 L,1950,,
unterfuehrung,unterfuehrung.8,8    -L  18 -    -,L18,Hörbranzer Straße,RFB 1,1.718,1.815,V11 Unterführung der A14,A 14 005,1968,,
unterfuehrung,unterfuehrung.6,8    -L 188 -    -,L188,Montafoner Straße,RFB 1,85.745,85.757,W43 Überführung der A14 und S16,A 14 146,1956,,
unterfuehrung,unterfuehrung.5,8    -L 190 -    -,L190,Vorarlberger Straße,RFB 1,4.335,4.4,Unterführung der ÖBB,B190 U03,1965,,
unterfuehrung,unterfuehrung.11,8    -L 190 -    -,L190,Vorarlberger Straße,RFB 1,0,0.011,W43 Überführung der A14 und S16,A 14 146,2003,,
unterfuehrung,unterfuehrung.34,8    -L 190 -    -,L190,Vorarlberger Straße,RFB 1,48.525,48.804,Unterführung der ÖBB,B190 U06,1992,,
unterfuehrung,unterfuehrung.41,8    -L 190 -    -,L190,Vorarlberger Straße,RFB 1,52.795,52.818,Überführung der L41,B190 U07,1983,,
unterfuehrung,unterfuehrung.48,8    -L 190 -    -,L190,Vorarlberger Straße,RFB 1,26.036,26.152,Unterführung der ÖBB,B190 U05,1946,,
unterfuehrung,unterfuehrung.60,8    -L 190 -    -,L190,Vorarlberger Straße,RFB 1,2.765,2.788,Brücke über die ÖBB und Ill,B190 U02,1971,,
unterfuehrung,unterfuehrung.1,8    -L 190 -    -E,L190-E,Vorarlberger Straße (Einbahn),RFB 1,22.423,22.446,Überführung der Brücke nach Göfis Stein,B190 U04R,1972,,
unterfuehrung,unterfuehrung.4,8    -L 190 -    -E,L190-E,Vorarlberger Straße (Einbahn),RFB 1,53.565,53.613,V32 Überführung der A14,A 14 029,1955,,
unterfuehrung,unterfuehrung.21,8    -L 190 -    -E,L190-E,Vorarlberger Straße (Einbahn),RFB 1,53.672,53.934,Unterführung der ÖBB,B190 U09R,1965,,
unterfuehrung,unterfuehrung.37,8    -L 190 -    -G,L190-G,Vorarlberger Straße (Gegenfahrbahn),RFB 2,53.934,53.673,Unterführung der ÖBB,A 14 029,1993,,
unterfuehrung,unterfuehrung.62,8    -L 190 -    -G,L190-G,Vorarlberger Straße (Gegenfahrbahn),RFB 2,53.607,53.56,V32 Überführung der A14,A 14 029,1954,,
unterfuehrung,unterfuehrung.67,8    -L 190 -    -G,L190-G,Vorarlberger Straße (Gegenfahrbahn),RFB 2,22.441,22.42,Überführung der Brücke nach Göfis Stein,B190 U04L,1962,,
unterfuehrung,unterfuehrung.32,8    -L 192 -    -,L192,Gargellener Straße,RFB 1,3.291,3.301,Illwerke Aquädukt,B192 U01,1963,,
unterfuehrung,unterfuehrung.19,8    -L 193 -    -,L193,Faschinastraße,RFB 1,28.116,28.128,Überführung Wirtschaftsweg,B193 U02,1940,,
unterfuehrung,unterfuehrung.31,8    -L 193 -    -,L193,Faschinastraße,RFB 1,1.337,1.408,ÖBB Überführung Nüziders,B193 U01,1999,,
unterfuehrung,unterfuehrung.58,8    -L 197 -    -,L197,Arlbergstraße,RFB 1,13.781,13.791,Überführung Schibrücke Valfagehr,B197 U01,1963,,
unterfuehrung,unterfuehrung.16,8    -L 198 -    -,L198,Lechtalstraße,RFB 1,5.232,5.262,Überführung Schibrücke 2,B198 U02,1994,,
unterfuehrung,unterfuehrung.23,8    -L 198 -    -,L198,Lechtalstraße,RFB 1,4.86,4.87,Überführung Schibrücke 1,B198 U01,1940,,
unterfuehrung,unterfuehrung.14,8    -L 200 -    -,L200,Bregenzerwaldstraße,RFB 1,36.044,36.055,Überführung Eschweg,B200 U02,1946,,
unterfuehrung,unterfuehrung.45,8    -L 200 -    -,L200,Bregenzerwaldstraße,RFB 1,1.434,1.708,Unterführung der ÖBB neu,B200 U01,1991,,
unterfuehrung,unterfuehrung.13,8    -L 202 -    -,L202,Schweizer Straße,RFB 1,0.38,0.385,Überführung Fußgängersteg Bahnhof,B202 U01,1956,,
unterfuehrung,unterfuehrung.46,8    -L 202 -    -,L202,Schweizer Straße,RFB 1,1.992,2.063,Unterführung der ÖBB,B202 U03,1977,,
unterfuehrung,unterfuehrung.51,8    -L 202 -    -,L202,Schweizer Straße,RFB 1,0.601,0.615,Überführung Mehrerauerstraße,B202 U02,1975,,
unterfuehrung,unterfuehrung.43,8    -L 203 -    -,L203,Rheinstraße,RFB 1,13.134,13.308,Unterführung der ÖBB,B203 U02,1986,,
unterfuehrung,unterfuehrung.71,8    -L 203 -    -,L203,Rheinstraße,RFB 1,0.703,1.004,Unterführung der ÖBB,B203 U01,1999,,
unterfuehrung,unterfuehrung.7,8    -L 204 -    -,L204,Lustenauer Straße,RFB 1,1.429,1.559,Unterführung der ÖBB,B204 U01,1972,,
unterfuehrung,unterfuehrung.30,8    -L 204 -    -,L204,Lustenauer Straße,RFB 1,2.727,2.764,Überführung der A14,A 14 052,1947,,
unterfuehrung,unterfuehrung.24,8    -L  25 -    -,L25,Müselbacher Straße,RFB 1,0.068,0.101,Überführung der L205,L025 U01,1963,,
unterfuehrung,unterfuehrung.22,8    -L   3 -    -,L3,Hofsteigstraße,RFB 1,3.093,3.1,Überführung Radweg,L003 014,2009,,
unterfuehrung,unterfuehrung.26,8    -L   3 -    -,L3,Hofsteigstraße,RFB 1,1.58,1.629,ÖBB Überführung Schweiz,L003 002,1995,,
unterfuehrung,unterfuehrung.39,8    -L   3 -    -,L3,Hofsteigstraße,RFB 1,3.053,3.093,V23 Unterführung der A14,A 14 023,1941,,
unterfuehrung,unterfuehrung.55,8    -L   3 -    -,L3,Hofsteigstraße,RFB 1,11.301,11.429,ÖBB Überführung,L003 012,1995,,
unterfuehrung,unterfuehrung.70,8    -L   3 -    -,L3,Hofsteigstraße,RFB 1,1.652,1.672,ÖBB Überführung Bregenz,L003 003,1950,,
unterfuehrung,unterfuehrung.53,8    -L  41 -    -,L41,Senderstraße,RFB 1,5.127,5.179,V35 Überführung der A14,A 14 032,1967,,
unterfuehrung,unterfuehrung.64,8    -L  41 -    -,L41,Senderstraße,RFB 1,6.741,6.963,Unterführung der ÖBB,L041 U04,1976,,
unterfuehrung,unterfuehrung.17,8    -L  41 -   6-R 5,L41-6-R5,L41 Senderstraße - Rampe 5,RFB 1,0,0.009,Überführung der L41 über die Rampe L41-6-R5,L041 U02,1947,,
unterfuehrung,unterfuehrung.44,8    -L  41 -   6-R 6,L41-6-R6,L41 Senderstraße - Rampe 6,RFB 1,0.123,0.147,Überführung der L41 über die Rampe L41-6-R6,L041 U03,1994,,
unterfuehrung,unterfuehrung.36,8    -L  42 -    -,L42,Werbenstraße,RFB 1,0.965,1.072,Unterführung der ÖBB,L042 U01,1959,,
unterfuehrung,unterfuehrung.38,8    -L  45 -    -,L45,Schmitternstraße,RFB 1,0.415,0.649,Unterführung der ÖBB,L045 U01,1941,,
unterfuehrung,unterfuehrung.40,8    -L  45 -    -,L45,Schmitternstraße,RFB 1,2.777,2.986,V58 Unterführung der A14,A 14 056,1940,,
unterfuehrung,unterfuehrung.20,8    -L  46 -    -,L46,Diepoldsauer Straße,RFB 1,0.211,0.392,ÖBB Überführung,L046 U01,1946,,
unterfuehrung,unterfuehrung.35,8    -L  46 -    -,L46,Diepoldsauer Straße,RFB 1,1.708,1.714,Überführung Radweg,L046 U03,1955,,
unterfuehrung,unterfuehrung.63,8    -L  46 -    -,L46,Diepoldsauer Straße,RFB 1,1.674,1.707,V65L Überführung der A14,A 14 061,1945,,
unterfuehrung,unterfuehrung.49,8    -L  47 -    -,L47,Bauernstraße,RFB 1,0.675,0.85,Unterführung der ÖBB,L047 U01,1993,,
unterfuehrung,unterfuehrung.12,8    -L  49 -    -,L49,Achrainstraße,RFB 1,0.772,1.006,Unterführung der ÖBB,L049 U01,1946,,
unterfuehrung,unterfuehrung.42,8    -L  52 -    -,L52,Meininger Straße,RFB 1,1.166,1.197,V92 Überführung der A14,A 14 092,1971,,
unterfuehrung,unterfuehrung.50,8    -L  53 -    -,L53,Bangser Straße,RFB 1,0.843,1.058,Unterführung der ÖBB,L053 U01,1995,,
unterfuehrung,unterfuehrung.33,8    -L  54 -    -,L54,Jagdbergstaße,RFB 1,0.058,0.297,Unterführung L190 und ÖBB,L054 U01,1980,,
unterfuehrung,unterfuehrung.18,8    -L  57 -    -,L57,Götzner Straße,RFB 1,0.624,0.829,Unterführung der ÖBB Mösle,L057 U01,1945,,
unterfuehrung,unterfuehrung.9,8    -L  58 -    -,L58,Mäderer Straße,RFB 1,1.903,1.933,V73 Überführung der A14,A 14 073,1942,,
unterfuehrung,unterfuehrung.28,8    -L  58 -    -,L58,Mäderer Straße,RFB 1,0.766,0.968,Unterführung der ÖBB,L058 U01,2009,,
unterfuehrung,unterfuehrung.10,8    -L  59 -    -,L59,Montlinger Straße,RFB 1,0.184,0.333,V77a Unterführung der ÖBB,L059 U01,1970,,
unterfuehrung,unterfuehrung.3,8    -L  62 -    -,L62,Klauser Treietstraße,RFB 1,2.104,2.254,V79a Unterführung der ÖBB,L062 U01,1957,,
unterfuehrung,unterfuehrung.65,8    -L  62 -    -,L62,Klauser Treietstraße,RFB 1,2.302,2.336,V79 Überführung der A14,A 14 078,1964,,
unterfuehrung,unterfuehrung.52,8    -L  63 -    -,L63,Röthner Treietstraße,RFB 1,0.91,0.959,Unterführung der ÖBB,L063 U02,1982,,
unterfuehrung,unterfuehrung.54,8    -L  63 -    -,L63,Röthner Treietstraße,RFB 1,0.207,0.237,V83 Überführung der A14,A 14 082,1979,,
unterfuehrung,unterfuehrung.29,8    -L  64 -    -,L64,Rankweiler Straße,RFB 1,0.834,0.873,V95 Überführung der A14,A 14 097,1983,,
unterfuehrung,unterfuehrung.47,8    -L  64 -    -,L64,Rankweiler Straße,RFB 1,1.845,2.118,Unterführung der ÖBB,L064 U02,1997,,
unterfuehrung,unterfuehrung.56,8    -L  65 -    -,L65,Göfner Straße,RFB 1,0.398,0.457,F8 Überführung der A14,A 14 107,1988,,
unterfuehrung,unterfuehrung.27,8    -L  74 -    -,L74,Schlinser Straße,RFB 1,0.081,0.21,Unterführung der ÖBB,L074 U01,1969,,
unterfuehrung,unterfuehrung.66,8    -L  81 -    -,L81,Bürser Straße,RFB 1,0.373,0.402,W30 Überführung der A14,A 14 130,1945,,
unterfuehrung,unterfuehrung.25,8    -L  97 -    -,L97,Klostertaler Straße,RFB 1,2.62,2.663,Überführung der ÖBB,L097 U01,1987,,
unterfuehrung,unterfuehrung.61,8    -L  97 -    -,L97,Klostertaler Straße,RFB 1,15.014,15.049,DW28 Überführung der S16,L097 U02a,1975,,
unterfuehrung,unterfuehrung.68,8    -L  97 -    -,L97,Klostertaler Straße,RFB 1,14.97,15.014,DW28 Überführung der S16,L097 U02b,1973,,
unterfuehrung,unterfuehrung.2,8    -P  50b-    -,P50b,Gaisbühel Straße,RFB 1,0.558,0.562,Überführung Zugangssteg Gebäude Gaisbühel,PB50 001,1957,,
unterfuehrung,unterfuehrung.57,8    -P  50b-    -,P50b,Gaisbühel Straße,RFB 1,0.536,0.546,Durchfahrt Gebäude,PB50 002,2001,,
